Year,Week,weather station,Max cases with onset in last 2 weeks,Average cases with onset in last 2 weeks,Min cases with onset in last 2 weeks,Max Daily Rainfall Total (mm),Min Daily Rainfall Total (mm),Average Daily Rainfall Total (mm),Highest 30 Min Rainfall (mm),Highest 60 Min Rainfall (mm),Highest 120 Min Rainfall (mm),Mean Temperature (°C),Maximum Temperature (°C),Minimum Temperature (°C),Mean Wind Speed (km/h),Max Wind Speed (km/h),Max PSI South,Avg PSI South
2014,1,Marina Barrage,21.0,21.0,21.0,21.8,0.0,6.959999999999999,15.6,17.6,17.8,26.94,31.9,23.8,8.139999999999999,32.0,,
2014,2,Marina Barrage,43.0,31.5,20.0,25.0,0.0,6.942857142857143,19.4,22.0,24.8,27.04285714285714,34.0,24.1,7.442857142857143,44.3,,
2014,3,Marina Barrage,40.0,37.5,35.0,1.0,0.0,0.14285714285714285,1.0,1.0,1.0,26.5,31.0,24.4,12.471428571428573,45.0,,
2014,4,Marina Barrage,38.0,29.5,21.0,0.0,0.0,0.0,0.0,0.0,0.0,26.085714285714282,31.0,23.9,12.3,45.4,,
2014,5,Marina Barrage,34.0,30.0,24.0,0.0,0.0,0.0,0.0,0.0,0.0,26.542857142857148,34.3,23.7,11.842857142857143,37.4,,
2014,6,Marina Barrage,30.0,27.75,23.0,3.0,0.0,0.42857142857142855,3.0,3.0,3.0,27.02857142857143,34.9,24.1,8.67142857142857,29.5,,
2014,7,Marina Barrage,23.0,16.75,11.0,0.0,0.0,0.0,0.0,0.0,0.0,27.95714285714286,34.2,25.0,10.571428571428571,35.6,,
2014,8,Marina Barrage,30.0,27.66666666666667,24.0,0.0,0.0,0.0,0.0,0.0,0.0,27.857142857142854,32.4,22.0,11.614285714285714,44.3,,
2014,9,Marina Barrage,21.0,10.0,3.0,0.0,0.0,0.0,0.0,0.0,0.0,27.657142857142855,34.1,24.7,11.099999999999998,39.2,,
2014,10,Marina Barrage,16.0,13.0,7.0,0.0,0.0,0.0,0.0,0.0,0.0,27.985714285714284,35.1,25.0,9.728571428571428,37.4,,
2014,11,Marina Barrage,14.0,10.333333333333334,8.0,31.0,0.0,4.428571428571429,11.6,15.8,24.4,28.17142857142857,34.8,23.7,9.87142857142857,75.2,,
2014,12,Marina Barrage,12.0,10.0,8.0,71.6,0.0,19.6,52.8,63.6,71.4,27.47142857142857,33.4,23.6,6.6571428571428575,40.7,,
2014,13,Marina Barrage,23.0,18.0,15.0,0.0,0.0,0.0,0.0,0.0,0.0,28.92857142857143,33.2,25.5,7.7857142857142865,32.8,,
2014,14,Marina Barrage,32.0,31.5,31.0,28.4,0.0,4.142857142857143,7.8,9.2,17.4,28.885714285714283,33.3,23.5,5.9,85.0,,
2014,15,Marina Barrage,22.0,17.666666666666668,15.0,8.2,0.0,2.542857142857143,8.0,8.2,8.2,28.47142857142857,34.5,24.2,5.1571428571428575,30.2,,
2014,16,Marina Barrage,9.0,7.5,6.0,46.0,0.0,9.171428571428573,37.8,45.2,46.0,28.95714285714286,33.3,23.2,4.728571428571429,46.1,,
2014,17,Marina Barrage,17.0,9.333333333333334,4.0,53.6,0.0,11.285714285714285,44.0,51.2,53.6,28.957142857142852,34.1,23.8,4.6571428571428575,38.2,,
2014,18,Marina Barrage,16.0,16.0,16.0,50.4,0.0,7.628571428571428,26.6,36.2,42.4,29.57142857142857,34.5,24.4,4.757142857142857,30.6,,
2014,19,Marina Barrage,9.0,9.0,9.0,5.2,0.0,0.9142857142857144,3.6,4.8,4.8,29.842857142857138,34.4,25.5,4.6714285714285735,24.8,,
2014,20,Marina Barrage,9.0,8.5,8.0,39.2,0.0,7.114285714285715,16.6,22.6,23.6,29.1,34.0,24.3,4.628571428571427,42.1,,
2014,21,Marina Barrage,18.0,12.5,7.0,9.0,0.0,2.4857142857142853,5.6,6.0,6.0,28.728571428571428,33.9,23.7,4.471428571428572,36.7,,
2014,22,Marina Barrage,33.0,27.5,22.0,10.6,0.0,3.8,7.4,9.6,10.2,29.185714285714287,33.8,25.1,4.4,25.2,,
2014,23,Marina Barrage,43.0,33.5,24.0,6.0,0.0,1.9142857142857144,2.0,2.6,3.0,29.114285714285717,33.7,25.6,4.757142857142859,37.1,,
2014,24,Marina Barrage,39.0,36.5,34.0,5.4,0.0,1.2857142857142858,3.8,4.4,5.2,29.88333333333333,34.7,24.4,4.457142857142856,46.4,,
2014,25,Marina Barrage,26.0,26.0,26.0,14.0,0.0,3.0571428571428565,11.0,12.0,13.2,30.257142857142853,34.5,23.7,5.0857142857142845,35.3,,
2014,26,Marina Barrage,42.0,35.5,29.0,6.2,0.0,1.3714285714285717,5.4,6.2,6.2,29.32857142857143,33.3,25.1,4.785714285714286,41.0,,
2014,27,Marina Barrage,59.0,47.5,36.0,7.4,0.0,3.1428571428571432,7.0,7.2,7.2,28.814285714285717,33.4,23.8,4.442857142857143,45.4,,
2014,28,Marina Barrage,114.0,83.0,52.0,22.2,0.0,6.571428571428571,19.8,20.6,21.0,28.728571428571428,33.6,22.9,5.057142857142857,41.8,,
2014,29,Marina Barrage,74.0,63.5,53.0,15.6,0.0,2.3428571428571425,15.2,15.6,15.6,29.771428571428572,33.9,23.0,5.0,40.3,,
2014,30,Marina Barrage,50.0,45.5,41.0,20.6,0.0,2.9428571428571435,14.4,20.0,20.4,30.12857142857143,34.6,23.5,5.757142857142857,100.1,,
2014,31,Marina Barrage,65.0,58.0,51.0,72.0,0.0,16.97142857142857,35.6,63.4,72.0,28.87142857142857,32.9,23.7,5.142857142857143,39.2,,
2014,32,Marina Barrage,62.0,51.5,41.0,10.4,0.0,2.0571428571428574,10.0,10.4,10.4,28.357142857142854,33.7,23.9,5.385714285714287,50.8,,
2014,33,Marina Barrage,42.0,41.0,40.0,21.8,0.0,4.8285714285714265,17.2,21.6,21.6,27.914285714285718,32.7,23.4,4.642857142857143,33.8,,
2014,34,Marina Barrage,43.0,32.5,22.0,19.0,0.0,6.7142857142857135,17.4,19.0,19.0,28.585714285714282,33.0,24.3,4.842857142857143,34.2,,
2014,35,Marina Barrage,14.0,12.0,10.0,27.8,0.0,6.971428571428572,9.4,17.6,24.0,27.6,32.8,22.9,4.5285714285714285,36.4,,
2014,36,Marina Barrage,22.0,21.5,21.0,59.4,0.0,9.542857142857144,42.2,56.0,59.4,28.52857142857143,34.1,22.4,5.142857142857143,41.4,,
2014,37,Marina Barrage,32.0,27.5,23.0,63.4,0.0,9.057142857142855,28.6,35.0,40.8,29.08571428571429,33.7,23.4,5.6428571428571415,43.6,,
2014,38,Marina Barrage,31.0,27.5,24.0,45.8,0.0,8.37142857142857,17.8,20.6,23.6,29.04285714285714,33.4,23.5,6.085714285714286,32.0,,
2014,39,Marina Barrage,41.0,35.5,30.0,9.2,0.0,2.057142857142857,4.6,5.0,5.2,29.185714285714283,34.7,23.9,5.299999999999999,36.4,,
2014,40,Marina Barrage,36.0,35.0,34.0,38.6,0.0,5.514285714285713,32.2,38.4,38.6,29.2,34.3,23.4,5.242857142857143,74.9,,
2014,41,Marina Barrage,20.0,19.5,19.0,0.0,0.0,0.0,0.0,0.0,0.0,29.557142857142853,34.1,26.3,5.257142857142857,29.5,,
2014,42,Marina Barrage,25.0,21.0,17.0,7.0,0.0,1.2,5.4,6.2,6.4,29.17142857142857,34.1,25.3,4.828571428571427,27.0,,
2014,43,Marina Barrage,31.0,30.5,30.0,5.0,0.0,1.2571428571428571,1.8,3.4,4.8,29.02857142857143,34.3,25.2,4.457142857142856,23.8,,
2014,44,Marina Barrage,25.0,17.0,9.0,41.0,0.0,6.885714285714285,36.2,39.8,40.8,29.314285714285717,34.5,23.7,4.7,31.7,,
2014,45,Marina Barrage,9.0,8.0,7.0,54.8,0.0,15.342857142857142,30.8,35.8,36.2,28.47142857142857,34.5,23.8,5.2,42.8,,
2014,46,Marina Barrage,10.0,9.5,9.0,31.6,0.0,8.142857142857142,12.8,21.2,31.6,27.842857142857145,34.5,24.1,5.214285714285714,83.9,,
2014,47,Marina Barrage,17.0,13.5,10.0,9.0,0.0,3.914285714285714,7.8,8.4,8.4,27.742857142857147,33.6,24.9,4.971428571428572,95.4,,
2014,48,Marina Barrage,17.0,12.5,8.0,58.2,0.0,11.914285714285715,33.0,38.6,57.0,27.942857142857147,33.2,24.0,4.957142857142856,35.3,,
2014,49,Marina Barrage,13.0,9.5,6.0,47.0,0.0,15.742857142857142,33.0,36.4,36.6,27.914285714285718,34.1,23.1,4.771428571428572,43.2,,
2014,50,Marina Barrage,12.0,11.5,11.0,45.6,0.0,8.742857142857142,30.6,37.8,40.6,28.1,33.2,23.8,7.185714285714285,34.2,,
2014,51,Marina Barrage,15.0,10.5,6.0,73.4,0.0,21.457142857142856,47.2,68.4,73.2,27.28571428571429,34.1,23.1,6.299999999999999,57.2,,
2014,52,Marina Barrage,19.0,17.0,14.0,63.2,0.0,13.34,18.4,34.0,47.2,26.61000000000001,31.9,23.4,6.9899999999999975,61.9,,
2015,1,Marina Barrage,14.0,14.0,14.0,0.8,0.0,0.2,0.6,0.6,0.8,27.425,33.3,25.2,9.8,36.4,,
2015,2,Marina Barrage,16.0,12.0,8.0,42.6,0.2,15.400000000000004,26.0,37.0,40.6,26.957142857142852,34.5,24.0,7.871428571428572,69.5,,
2015,3,Marina Barrage,21.0,17.0,13.0,3.2,0.0,0.4571428571428572,3.2,3.2,3.2,27.628571428571423,33.1,24.6,11.614285714285714,39.6,,
2015,4,Marina Barrage,17.0,15.0,13.0,11.2,0.0,1.6285714285714283,10.2,11.0,11.2,27.0,31.5,23.9,10.3,39.2,,
2015,5,Marina Barrage,10.0,10.0,10.0,0.2,0.0,0.028571428571428574,0.2,0.2,0.2,27.37142857142857,33.2,24.6,10.071428571428571,75.6,,
2015,6,Marina Barrage,23.0,17.0,11.0,8.2,0.0,1.457142857142857,5.0,6.8,8.0,26.62857142857143,31.1,23.6,10.957142857142856,39.6,,
2015,7,Marina Barrage,19.0,17.5,16.0,0.0,0.0,0.0,0.0,0.0,0.0,27.1,32.4,24.4,10.375,41.4,,
2015,8,Marina Barrage,10.0,10.0,10.0,25.8,0.0,3.685714285714286,14.2,20.0,25.0,27.728571428571424,33.2,22.7,9.485714285714286,34.2,,
2015,9,Marina Barrage,11.0,10.5,10.0,13.4,0.0,1.9142857142857144,13.2,13.4,13.4,28.12857142857143,34.9,25.2,8.785714285714285,34.6,,
2015,10,Marina Barrage,13.0,12.5,12.0,0.0,0.0,0.0,0.0,0.0,0.0,28.428571428571423,35.2,25.2,7.085714285714286,29.5,,
2015,11,Marina Barrage,15.0,13.0,11.0,6.8,0.0,1.4,1.4,2.6,3.6,27.842857142857145,33.8,24.5,8.442857142857141,34.9,,
2015,12,Marina Barrage,9.0,7.0,5.0,35.8,0.0,5.428571428571429,26.0,32.8,35.8,28.642857142857146,33.8,22.6,5.557142857142856,38.2,,
2015,13,Marina Barrage,14.0,9.5,5.0,49.6,0.0,7.514285714285713,18.2,29.8,42.4,28.642857142857146,32.8,23.6,8.157142857142857,57.2,,
2015,14,Marina Barrage,19.0,14.5,10.0,34.6,0.0,5.085714285714286,23.4,33.6,34.4,28.52857142857143,33.9,23.3,5.042857142857144,49.0,,
2015,15,Marina Barrage,14.0,11.0,8.0,13.2,0.0,3.685714285714286,10.8,11.8,13.2,29.25714285714286,33.8,26.0,6.114285714285713,32.4,,
2015,16,Marina Barrage,13.0,11.5,10.0,34.0,0.0,4.857142857142857,19.2,32.6,33.6,29.614285714285717,33.6,23.6,6.171428571428572,29.9,,
2015,17,Marina Barrage,12.0,9.5,7.0,76.6,0.0,15.514285714285714,45.8,58.8,74.0,28.5,34.3,23.0,4.985714285714286,37.1,,
2015,18,Marina Barrage,13.0,8.0,3.0,62.4,0.4,19.4,25.0,36.6,54.6,28.014285714285716,32.9,22.8,4.957142857142856,88.9,,
2015,19,Marina Barrage,15.0,15.0,15.0,17.6,0.0,2.6000000000000005,15.2,17.4,17.6,29.47142857142857,33.6,24.0,4.2142857142857135,31.3,,
2015,20,Marina Barrage,13.0,12.0,11.0,12.6,0.0,2.2857142857142856,11.6,12.6,12.6,29.614285714285717,34.2,25.1,4.485714285714286,64.4,,
2015,21,Marina Barrage,8.0,6.0,4.0,11.4,0.0,2.5142857142857147,3.2,3.4,5.0,29.157142857142855,34.2,24.3,3.971428571428572,76.0,,
2015,22,Marina Barrage,5.0,2.5,0.0,17.2,0.0,2.457142857142857,7.8,11.8,16.0,29.828571428571426,34.8,25.9,4.642857142857143,27.4,,
2015,23,Marina Barrage,6.0,4.5,3.0,13.8,0.0,3.1142857142857143,8.0,8.0,8.0,29.62857142857143,34.2,25.2,4.271428571428572,29.5,,
2015,24,Marina Barrage,9.0,6.5,4.0,8.6,0.0,3.571428571428572,6.8,8.6,8.6,28.328571428571426,34.0,24.3,4.314285714285714,37.8,,
2015,25,Marina Barrage,5.0,5.0,5.0,1.8,0.0,0.31428571428571433,1.4,1.6,1.6,29.385714285714286,33.9,24.9,4.757142857142857,41.0,,
2015,26,Marina Barrage,16.0,12.5,9.0,0.0,0.0,0.0,0.0,0.0,0.0,30.285714285714285,34.4,28.1,5.985714285714287,22.7,,
2015,27,Marina Barrage,13.0,12.5,12.0,20.8,0.0,3.885714285714286,15.6,17.0,20.8,29.571428571428577,34.7,22.9,5.071428571428571,37.4,,
2015,28,Marina Barrage,13.0,10.5,8.0,27.8,0.0,5.114285714285715,18.0,27.8,27.8,29.6,33.3,23.6,5.314285714285715,27.4,,
2015,29,Marina Barrage,9.0,7.0,5.0,7.8,0.0,1.342857142857143,3.8,6.0,7.8,29.7,33.9,25.8,5.828571428571429,29.2,,
2015,30,Marina Barrage,15.0,11.5,8.0,0.0,0.0,0.0,0.8,0.8,1.2,29.8,33.7,27.9,5.5,21.2,,
2015,31,Marina Barrage,7.0,7.0,7.0,6.6,0.0,2.2,3.6,3.6,3.6,28.766666666666666,33.5,24.9,5.05,31.3,,
2015,32,Marina Barrage,5.0,5.0,5.0,30.4,0.0,17.999999999999996,28.2,29.0,29.2,27.785714285714285,32.7,22.5,4.928571428571429,45.0,,
2015,33,Marina Barrage,8.0,8.0,8.0,8.0,0.0,2.2,5.8,5.8,5.8,28.8,33.9,24.1,4.871428571428573,28.4,,
2015,34,Marina Barrage,23.0,23.0,23.0,15.8,0.0,2.5142857142857147,15.8,15.8,15.8,29.314285714285717,33.6,24.0,4.942857142857143,33.8,,
2015,35,Marina Barrage,26.0,26.0,26.0,2.4,0.0,0.5714285714285714,1.6,2.0,2.0,29.41428571428571,34.2,25.6,5.285714285714286,25.9,,
2015,36,Marina Barrage,22.0,19.5,17.0,6.0,0.0,0.8571428571428571,6.0,6.0,6.0,29.599999999999994,34.1,25.7,5.357142857142857,30.2,,
2015,37,Marina Barrage,7.0,7.0,7.0,0.0,0.0,0.0,0.0,0.0,0.0,29.07142857142857,33.8,26.0,5.299999999999999,68.0,,
2015,38,Marina Barrage,4.0,4.0,4.0,18.4,0.0,4.228571428571429,11.0,11.2,13.6,28.885714285714283,34.0,24.8,5.0285714285714285,29.2,,
2015,39,Marina Barrage,,,,0.0,0.0,0.0,0.0,0.0,0.0,29.414285714285718,33.2,26.7,4.614285714285715,27.7,,
2015,40,Marina Barrage,20.0,17.5,15.0,23.6,0.0,5.542857142857144,10.0,14.4,19.8,28.814285714285717,33.1,23.9,4.414285714285715,29.2,,
2015,41,Marina Barrage,18.0,18.0,18.0,24.2,0.0,4.628571428571427,24.0,24.2,24.2,29.24285714285714,34.0,23.7,4.1,34.2,,
2015,42,Marina Barrage,21.0,21.0,21.0,0.0,0.0,0.0,0.0,0.0,0.0,29.800000000000004,34.2,27.4,4.585714285714286,20.5,,
2015,43,Marina Barrage,,,,0.0,0.0,0.0,0.0,0.0,0.0,29.814285714285717,34.0,27.6,4.7,22.0,,
2015,44,Marina Barrage,21.0,18.5,16.0,24.4,0.0,3.7428571428571424,12.0,15.6,20.0,28.9,33.8,23.2,5.514285714285713,36.4,,
2015,45,Marina Barrage,14.0,14.0,14.0,1.8,0.0,0.31428571428571433,1.0,1.0,1.0,29.014285714285716,34.0,25.2,5.428571428571429,29.5,,
2015,46,Marina Barrage,14.0,14.0,14.0,0.6,0.0,0.1142857142857143,0.4,0.4,0.6,29.057142857142853,34.3,26.0,5.4,30.2,,
2015,47,Marina Barrage,18.0,18.0,18.0,54.4,0.0,10.342857142857145,34.2,46.2,52.8,28.3,33.3,23.6,5.642857142857144,31.0,,
2015,48,Marina Barrage,13.0,13.0,13.0,42.6,0.0,9.257142857142858,34.2,40.8,42.2,28.47142857142857,34.4,24.6,6.1428571428571415,76.0,,
2015,49,Marina Barrage,24.0,23.0,22.0,49.2,0.0,15.514285714285714,35.0,46.4,48.8,28.214285714285715,34.1,24.2,6.200000000000001,36.0,,
2015,50,Marina Barrage,,,,32.8,0.4,13.485714285714286,22.0,29.0,29.8,27.985714285714284,34.7,23.4,6.814285714285715,91.8,,
2015,51,Marina Barrage,21.0,21.0,21.0,4.6,0.0,1.1714285714285713,3.8,3.8,4.6,28.32857142857143,34.4,24.5,9.357142857142858,46.8,,
2015,52,Marina Barrage,48.0,48.0,48.0,23.8,0.0,3.6571428571428575,16.8,22.0,23.0,28.728571428571428,34.2,24.1,7.857142857142856,40.7,,
2015,53,Marina Barrage,65.0,53.5,42.0,20.4,0.2,7.9499999999999975,17.4,19.2,20.0,27.9,33.5,24.8,10.225,38.9,,
2016,1,Marina Barrage,77.0,62.0,47.0,10.4,0.0,1.5777777777777775,5.0,6.2,7.8,28.37,33.6,23.6,8.93,38.9,,
2016,2,Marina Barrage,106.0,91.0,76.0,13.6,0.0,4.714285714285714,12.4,12.4,12.6,28.885714285714283,34.4,25.0,6.9,73.8,,
2016,3,Marina Barrage,126.0,111.0,96.0,15.8,0.2,3.971428571428572,7.2,7.6,9.2,28.75714285714286,34.5,25.5,8.014285714285714,44.3,,
2016,4,Marina Barrage,138.0,134.5,131.0,18.2,0.0,8.657142857142857,9.2,12.2,14.4,28.6,34.1,25.6,8.957142857142857,45.7,,
2016,5,Marina Barrage,118.0,115.0,112.0,19.4,0.0,8.766666666666667,15.6,15.6,15.6,28.45714285714286,33.4,24.9,10.171428571428573,42.8,44.0,44.0
2016,6,Marina Barrage,70.0,62.5,55.0,20.0,0.0,2.8857142857142857,19.8,20.0,20.0,28.0,33.2,22.7,10.085714285714284,45.4,60.0,44.97037037037037
2016,7,Marina Barrage,73.0,59.0,45.0,80.8,0.0,12.0,13.0,18.4,27.2,27.82857142857143,33.2,23.7,11.114285714285712,43.2,58.0,49.57051282051282
2016,8,Marina Barrage,92.0,89.5,87.0,18.2,0.0,2.771428571428572,11.4,12.4,13.4,28.228571428571428,34.2,24.7,13.528571428571427,43.9,54.0,49.29921259842521
2016,9,Marina Barrage,57.0,56.0,55.0,0.0,0.0,0.0,0.0,0.0,0.0,28.914285714285718,33.9,26.7,13.057142857142859,45.4,55.0,51.125
2016,10,Marina Barrage,54.0,52.0,50.0,22.2,0.0,3.8857142857142857,15.2,20.8,22.2,29.128571428571423,33.7,24.8,8.6,42.8,55.0,52.78030303030303
2016,11,Marina Barrage,54.0,50.0,46.0,0.6,0.0,0.08571428571428573,0.4,0.6,0.6,29.257142857142853,34.3,26.5,8.528571428571428,31.7,63.0,57.98125
2016,12,Marina Barrage,42.0,39.0,36.0,0.0,0.0,0.0,0.0,0.0,0.0,29.657142857142855,34.7,27.4,8.62857142857143,37.1,66.0,62.134615384615394
2016,13,Marina Barrage,43.0,37.5,32.0,6.4,0.0,0.9142857142857144,2.4,3.6,3.8,29.7,34.5,27.1,10.5,36.0,82.0,68.83870967741936
2016,14,Marina Barrage,41.0,40.5,40.0,1.2,0.0,0.2857142857142857,1.0,1.0,1.0,29.757142857142853,34.1,26.6,7.257142857142855,33.5,57.0,54.96551724137931
2016,15,Marina Barrage,41.0,38.0,35.0,10.8,0.0,4.257142857142858,8.4,9.2,10.8,30.157142857142855,35.8,25.5,5.7,37.1,77.0,63.04615384615385
2016,16,Marina Barrage,31.0,30.0,29.0,21.2,0.0,3.542857142857143,13.6,20.4,21.2,30.157142857142855,36.0,25.8,5.785714285714287,28.8,65.0,59.7557251908397
2016,17,Marina Barrage,36.0,30.0,24.0,1.8,0.0,0.42857142857142855,1.8,1.8,1.8,30.1,35.2,27.3,5.1000000000000005,33.5,81.0,61.07843137254902
2016,18,Marina Barrage,48.0,42.0,36.0,0.0,0.0,0.0,0.0,0.0,0.0,30.67142857142857,35.9,27.9,5.299999999999999,29.2,61.0,52.33544303797469
2016,19,Marina Barrage,38.0,36.5,35.0,40.4,0.0,12.028571428571427,29.6,39.6,40.2,29.814285714285717,35.0,24.7,6.1571428571428575,44.6,65.0,53.5776397515528
2016,20,Marina Barrage,46.0,40.0,34.0,31.4,0.0,10.457142857142856,18.8,25.2,29.0,29.47142857142857,34.5,24.7,7.357142857142858,52.6,69.0,53.0625
2016,21,Marina Barrage,37.0,31.5,26.0,18.4,0.0,6.0,17.0,18.2,18.2,30.114285714285717,34.9,25.1,6.2714285714285705,44.3,52.0,44.84732824427482
2016,22,Marina Barrage,36.0,28.5,21.0,20.2,0.0,6.685714285714285,15.6,18.6,18.6,28.87142857142857,33.8,24.5,7.514285714285713,48.2,63.0,58.14583333333334
2016,23,Marina Barrage,25.0,24.5,24.0,4.6,0.0,2.6,3.8,3.8,4.2,29.52857142857142,34.4,25.1,6.885714285714285,47.9,69.0,55.051282051282044
2016,24,Marina Barrage,22.0,21.5,21.0,30.8,0.0,6.057142857142857,11.2,15.2,20.2,28.585714285714282,33.0,23.6,8.857142857142858,43.9,60.0,46.433121019108285
2016,25,Marina Barrage,45.0,33.5,22.0,45.2,0.0,6.6000000000000005,15.8,22.4,36.0,29.057142857142853,33.9,23.2,7.77142857142857,47.2,59.0,50.62745098039216
2016,26,Marina Barrage,51.0,48.5,46.0,0.0,0.0,0.0,0.0,0.0,0.0,30.5,35.6,27.7,5.857142857142858,25.2,59.0,52.2384105960265
2016,27,Marina Barrage,66.0,53.0,40.0,8.6,0.0,1.3714285714285714,4.6,4.6,8.6,30.285714285714285,35.2,24.5,6.785714285714287,53.3,55.0,47.69182389937106
2016,28,Marina Barrage,80.0,73.0,66.0,15.8,0.0,4.171428571428572,15.6,15.8,15.8,28.714285714285715,34.2,23.3,9.6,73.4,57.0,49.79259259259259
2016,29,Marina Barrage,43.0,40.5,38.0,91.6,2.0,20.11428571428571,26.8,38.4,46.6,27.7,32.5,23.2,11.214285714285712,45.0,61.0,51.391025641025635
2016,30,Marina Barrage,34.0,33.5,33.0,20.2,0.0,3.914285714285714,20.0,20.2,20.2,28.642857142857146,33.3,23.8,10.328571428571431,54.4,57.0,49.82142857142857
2016,31,Marina Barrage,34.0,29.0,24.0,7.0,0.0,1.342857142857143,5.0,5.4,5.6,29.157142857142855,34.0,22.9,10.128571428571428,63.0,59.0,54.615384615384606
2016,32,Marina Barrage,26.0,26.0,26.0,9.2,0.0,1.5428571428571427,9.2,9.2,9.2,29.814285714285717,33.5,25.5,9.571428571428571,40.0,65.0,58.37254901960785
2016,33,Marina Barrage,34.0,27.0,20.0,15.0,0.0,2.5714285714285716,9.4,11.0,13.2,29.685714285714287,34.4,23.8,9.614285714285714,53.3,58.0,45.66666666666666
2016,34,Marina Barrage,49.0,41.5,34.0,26.8,0.0,5.571428571428571,14.4,21.2,25.8,29.442857142857147,33.5,24.2,11.085714285714284,49.0,105.0,61.40127388535032
2016,35,Marina Barrage,40.0,39.0,38.0,12.8,0.0,3.4857142857142853,9.6,11.2,12.2,29.042857142857148,34.5,24.1,11.742857142857144,44.6,74.0,57.2125
2016,36,Marina Barrage,57.0,50.0,43.0,14.2,0.0,3.6000000000000005,10.4,10.6,10.8,28.785714285714285,33.8,23.2,13.471428571428573,62.3,81.0,58.303225806451614
2016,37,Marina Barrage,41.0,35.5,30.0,54.4,0.0,15.2,40.2,53.0,54.2,28.7,33.8,22.1,12.342857142857143,57.6,62.0,52.57594936708861
2016,38,Marina Barrage,27.0,27.0,27.0,47.2,0.0,10.828571428571431,30.2,45.2,46.4,29.08571428571429,33.6,23.6,13.614285714285714,49.7,62.0,54.861111111111114
2016,39,Marina Barrage,23.0,20.0,17.0,0.2,0.0,0.028571428571428574,0.2,0.2,0.2,29.6,35.2,26.5,14.8,43.6,75.0,62.1063829787234
2016,40,Marina Barrage,16.0,15.0,14.0,36.8,0.0,13.142857142857142,17.4,19.8,21.0,28.47142857142857,33.1,23.4,13.942857142857141,51.1,78.0,63.11851851851853
2016,41,Marina Barrage,8.0,7.0,6.0,32.8,0.0,6.371428571428571,21.8,29.4,30.8,29.82857142857143,34.6,23.0,14.000000000000002,58.3,58.0,49.69565217391305
2016,42,Marina Barrage,8.0,7.0,6.0,9.2,0.0,1.457142857142857,7.6,8.6,8.6,29.24285714285714,33.9,23.4,12.957142857142856,54.4,62.0,51.43949044585988
2016,43,Marina Barrage,6.0,5.0,4.0,49.8,0.4,15.542857142857144,24.6,27.4,28.2,27.62857142857143,32.5,23.6,14.957142857142856,51.1,72.0,57.95
2016,44,Marina Barrage,4.0,3.5,3.0,20.6,0.0,7.828571428571428,11.6,11.8,13.4,28.057142857142853,32.7,23.6,14.185714285714285,59.0,56.0,48.03105590062112
2016,45,Marina Barrage,2.0,1.0,0.0,20.4,0.0,4.542857142857144,18.4,20.2,20.4,28.21428571428571,33.9,23.6,15.114285714285714,55.4,62.0,54.61635220125786
2016,46,Marina Barrage,0.0,0.0,0.0,43.8,0.0,11.714285714285715,13.6,26.8,39.2,27.885714285714283,34.1,22.9,14.514285714285714,42.5,60.0,50.74213836477988
2016,47,Marina Barrage,2.0,1.0,0.0,35.2,0.0,10.742857142857144,34.4,35.2,35.2,28.157142857142862,33.3,23.9,14.828571428571427,51.1,56.0,49.465838509316775
2016,48,Marina Barrage,5.0,3.5,2.0,5.8,0.0,2.2857142857142856,4.6,4.6,4.8,27.82857142857143,33.7,24.5,16.414285714285715,44.3,57.0,35.166666666666664
2016,49,Marina Barrage,3.0,1.5,0.0,18.6,0.0,4.257142857142857,8.4,8.8,8.8,28.728571428571428,34.3,24.8,16.25714285714286,46.1,57.0,46.94405594405596
2016,50,Marina Barrage,0.0,0.0,0.0,26.8,0.0,6.371428571428572,16.8,17.4,20.0,28.67142857142857,34.0,23.5,16.34285714285714,51.5,67.0,51.492957746478865
2016,51,Marina Barrage,2.0,1.5,1.0,50.4,0.0,12.485714285714286,34.0,43.4,47.8,28.042857142857148,34.1,24.1,17.95714285714286,49.7,47.0,34.50746268656717
2016,52,Marina Barrage,1.0,0.5,0.0,5.2,0.0,1.2666666666666666,4.6,4.6,5.2,27.316666666666666,33.3,24.1,20.266666666666676,47.9,55.0,35.30327868852459
2017,1,Marina Barrage,4.0,3.0,2.0,17.6,0.0,4.275,11.4,14.8,17.4,28.3625,33.9,24.2,15.25,45.4,53.0,45.205479452054796
2017,2,Marina Barrage,5.0,3.5,2.0,0.8,0.0,0.2285714285714286,0.8,0.8,0.8,28.785714285714285,33.6,26.4,15.385714285714286,49.7,62.0,54.69230769230769
2017,3,Marina Barrage,3.0,3.0,3.0,14.6,0.0,4.6000000000000005,10.4,12.2,12.6,27.685714285714283,33.0,23.7,16.357142857142858,48.2,57.0,49.76100628930818
2017,4,Marina Barrage,4.0,2.0,0.0,97.6,0.0,17.62857142857143,44.0,61.0,70.2,26.457142857142852,31.3,23.4,17.742857142857144,55.1,52.0,35.3416149068323
2017,5,Marina Barrage,2.0,1.0,0.0,4.2,0.0,1.0857142857142856,3.6,4.2,4.2,27.642857142857146,33.0,25.1,17.585714285714285,47.9,59.0,43.95625
2017,6,Marina Barrage,7.0,5.0,3.0,53.2,0.0,8.342857142857143,25.2,42.6,47.4,27.599999999999994,33.3,23.5,19.671428571428574,67.3,61.0,51.64028776978417
2017,7,Marina Barrage,4.0,3.0,2.0,11.8,0.0,2.9428571428571435,4.4,8.0,8.6,27.12857142857143,31.4,22.7,21.285714285714285,55.4,53.0,47.391999999999996
2017,8,Marina Barrage,3.0,2.0,1.0,37.8,0.0,9.371428571428572,32.4,37.4,37.8,27.514285714285712,32.7,23.9,14.5,53.3,57.0,46.71069182389938
2017,9,Marina Barrage,1.0,1.0,1.0,31.4,0.2,11.314285714285715,15.0,17.0,25.0,27.014285714285712,31.2,23.4,17.214285714285708,47.9,58.0,40.77018633540373
2017,10,Marina Barrage,0.0,0.0,0.0,16.2,0.0,3.8571428571428568,15.2,16.0,16.0,27.685714285714287,32.6,24.0,14.557142857142859,68.8,58.0,54.75155279503105
2017,11,Marina Barrage,0.0,0.0,0.0,10.6,0.0,1.5142857142857142,7.8,8.8,8.8,28.557142857142853,33.4,25.2,10.55714285714286,37.4,69.0,59.49375
2017,12,Marina Barrage,0.0,0.0,0.0,17.6,0.0,7.371428571428572,17.0,17.6,17.6,28.500000000000004,33.1,23.6,13.971428571428573,53.6,65.0,54.82236842105264
2017,13,Marina Barrage,,,,22.2,0.0,5.4,12.4,12.6,13.4,27.95714285714286,33.7,24.6,12.914285714285715,46.1,60.0,51.04347826086956
2017,14,Marina Barrage,2.0,1.0,0.0,19.2,0.0,5.7142857142857135,9.0,12.0,16.4,28.842857142857145,34.6,23.7,14.185714285714285,43.6,55.0,46.738738738738746
2017,15,Marina Barrage,1.0,0.5,0.0,24.0,0.0,6.571428571428571,13.0,18.6,22.8,28.57142857142857,33.4,24.9,11.114285714285717,40.0,61.0,51.29605263157895
2017,16,Marina Barrage,0.0,0.0,0.0,58.2,0.0,18.333333333333336,30.4,49.4,57.0,28.63333333333333,33.3,23.0,12.05,47.2,89.0,61.32278481012658
2017,17,Marina Barrage,0.0,0.0,0.0,7.0,0.2,3.6,6.0,6.2,6.6,28.2,31.1,26.7,11.55,50.8,72.0,60.98136645962733
2017,18,Marina Barrage,0.0,0.0,0.0,25.2,0.0,6.6,23.4,25.2,25.2,29.20000000000001,33.3,24.6,9.35,41.8,63.0,54.17391304347826
2017,19,Marina Barrage,0.0,0.0,0.0,,,,,,,,,,,,62.0,42.931677018633536
2017,20,Marina Barrage,0.0,0.0,0.0,10.6,0.0,4.6,6.2,7.8,10.4,29.73333333333333,33.7,25.7,9.1,41.8,52.0,44.30573248407644
2017,21,Marina Barrage,0.0,0.0,0.0,35.6,0.0,10.714285714285714,17.6,19.0,25.8,28.742857142857137,34.0,23.9,8.742857142857144,57.2,56.0,46.93525179856115
2017,22,Marina Barrage,1.0,0.5,0.0,32.6,0.0,6.5600000000000005,18.8,19.6,21.2,29.65,34.4,24.2,8.025,45.7,55.0,37.763975155279496
2017,23,Marina Barrage,2.0,1.5,1.0,13.6,0.0,2.2666666666666666,12.6,12.8,12.8,30.2,34.4,25.4,7.5500000000000025,39.2,56.0,49.04032258064516
2017,24,Marina Barrage,2.0,1.0,0.0,15.8,0.0,3.95,5.4,7.8,8.6,29.2,34.3,24.3,7.649999999999999,42.8,57.0,43.04375
2017,25,Marina Barrage,0.0,0.0,0.0,13.6,0.0,5.0,13.0,13.4,13.4,28.16666666666667,32.1,23.1,6.65,29.9,58.0,45.14649681528664
2017,26,Marina Barrage,6.0,2.333333333333333,0.0,25.0,25.0,25.0,23.4,24.8,24.8,28.5,31.9,23.7,,,60.0,46.21739130434783
2017,27,Marina Barrage,5.0,4.5,4.0,21.8,0.0,4.033333333333334,11.8,19.4,21.6,28.5,33.1,24.7,6.75,36.4,53.0,41.72049689440994
2017,28,Marina Barrage,2.0,2.0,2.0,48.0,0.0,12.742857142857144,22.8,31.0,31.4,27.9,33.0,23.6,7.971428571428571,64.1,60.0,44.18633540372671
2017,29,Marina Barrage,2.0,1.5,1.0,0.0,0.0,0.0,0.0,0.0,0.0,29.628571428571423,34.3,27.1,8.342857142857143,29.2,59.0,48.39751552795032
2017,30,Marina Barrage,0.0,0.0,0.0,0.2,0.0,0.04,0.2,0.2,0.2,29.975,34.5,27.6,9.38,66.6,63.0,55.52830188679246
2017,31,Marina Barrage,4.0,3.0,2.0,2.4,0.0,0.3714285714285713,1.4,1.4,2.2,29.816666666666666,34.4,27.0,6.7,38.5,59.0,52.05590062111801
2017,32,Marina Barrage,3.0,2.5,2.0,22.2,0.0,4.3,15.0,15.2,15.6,28.4,32.9,23.8,4.9,33.1,56.0,46.006211180124225
2017,33,Marina Barrage,2.0,1.0,0.0,29.2,0.0,4.342857142857143,13.0,15.6,21.4,28.6,34.0,23.9,5.385714285714285,35.6,58.0,47.92546583850932
2017,34,Marina Barrage,2.0,2.0,2.0,11.6,0.0,2.0285714285714285,11.2,11.6,11.6,28.97142857142857,33.9,24.5,5.642857142857142,33.1,56.0,42.22981366459627
2017,35,Marina Barrage,2.0,2.0,2.0,8.2,0.0,2.9428571428571435,8.2,8.2,8.2,29.02857142857143,33.8,24.6,5.028571428571428,34.2,61.0,48.683229813664596
2017,36,Marina Barrage,1.0,0.5,0.0,11.8,0.0,4.285714285714286,7.6,7.6,7.6,28.685714285714283,33.2,24.8,4.428571428571429,33.1,57.0,44.51552795031056
2017,37,Marina Barrage,0.0,0.0,0.0,17.8,0.0,6.6000000000000005,17.4,17.4,17.4,28.95714285714286,34.9,24.1,5.614285714285713,33.1,66.0,57.975155279503106
2017,38,Marina Barrage,0.0,0.0,0.0,46.6,0.0,11.52,23.6,32.2,43.0,28.2,33.5,23.9,5.1,41.0,59.0,44.26875
2017,39,Marina Barrage,0.0,0.0,0.0,31.4,0.0,8.233333333333333,30.0,31.2,31.4,28.55,34.6,23.4,4.9,51.8,65.0,54.2111801242236
2017,40,Marina Barrage,1.0,0.5,0.0,15.2,0.0,3.971428571428572,11.4,12.2,12.6,28.228571428571428,34.2,24.5,5.085714285714286,38.5,66.0,54.068322981366464
2017,41,Marina Barrage,2.0,2.0,2.0,20.2,0.0,7.257142857142857,11.8,13.4,14.4,28.83333333333333,33.7,23.8,5.957142857142856,38.5,71.0,51.677018633540364
2017,42,Marina Barrage,2.0,1.6666666666666667,1.0,9.4,0.0,1.342857142857143,9.4,9.4,9.4,30.042857142857148,34.9,26.6,5.285714285714286,33.1,78.0,63.96894409937888
2017,43,Marina Barrage,6.0,6.0,6.0,9.6,0.0,1.9666666666666663,6.6,8.6,9.4,28.83333333333333,34.4,25.0,6.3,33.1,73.0,65.1304347826087
2017,44,Marina Barrage,5.0,4.0,3.0,56.8,0.0,12.88,35.0,47.6,52.4,28.15,33.2,24.6,5.4,36.4,67.0,54.670807453416145
2017,45,Marina Barrage,2.0,1.0,0.0,41.6,0.6,14.433333333333335,25.2,31.6,39.6,27.38333333333333,32.6,22.9,5.933333333333334,39.6,59.0,53.39130434782609
2017,46,Marina Barrage,0.0,0.0,0.0,77.2,0.0,19.9,28.4,46.8,54.0,28.5,34.3,24.0,5.333333333333333,32.8,71.0,55.37333333333334
2017,47,Marina Barrage,2.0,1.0,0.0,14.8,0.0,5.6571428571428575,7.4,9.8,13.4,27.5,34.4,23.2,6.1571428571428575,47.9,68.0,52.04968944099379
2017,48,Marina Barrage,1.0,1.0,1.0,3.0,0.0,1.2857142857142858,1.6,2.2,3.0,28.42857142857143,34.7,25.2,8.942857142857143,43.6,58.0,43.7639751552795
2017,49,Marina Barrage,1.0,0.5,0.0,2.2,0.0,0.8,2.0,2.2,2.2,28.350000000000005,34.5,25.2,7.4,37.1,63.0,52.614906832298146
2017,50,Marina Barrage,0.0,0.0,0.0,29.4,0.0,10.485714285714282,21.8,23.2,23.4,27.557142857142853,33.2,23.5,8.171428571428573,45.7,63.0,57.99378881987578
2017,51,Marina Barrage,3.0,1.5,0.0,17.6,0.0,4.085714285714286,7.0,7.6,8.4,27.7,33.5,24.1,11.157142857142857,45.7,59.0,52.114649681528654
2017,52,Marina Barrage,3.0,3.0,3.0,10.2,0.0,4.25,6.4,6.4,6.4,27.5,31.9,24.7,8.025,34.6,55.0,46.79781420765028
2018,1,Marina Barrage,1.0,0.5,0.0,10.0,0.0,5.0,8.4,9.8,10.0,26.9,29.2,25.5,6.033333333333334,25.2,62.0,46.79891304347826
2018,2,Marina Barrage,3.0,2.5,2.0,37.6,5.4,21.200000000000006,26.8,33.4,34.4,25.46,32.9,22.2,8.58,46.8,61.0,42.30573248407644
2018,3,Marina Barrage,1.0,0.5,0.0,29.8,0.0,8.0,25.8,27.4,27.4,27.35,32.7,23.6,8.016666666666666,32.8,57.0,47.39130434782609
2018,4,Marina Barrage,0.0,0.0,0.0,45.6,0.0,12.500000000000002,19.6,25.0,27.2,27.766666666666666,33.1,25.1,6.833333333333332,41.0,55.0,49.532467532467535
2018,5,Marina Barrage,0.0,0.0,0.0,15.0,0.6,4.2,6.6,11.2,14.2,27.98,34.0,24.8,10.02,43.6,59.0,53.512987012987004
2018,6,Marina Barrage,0.0,0.0,0.0,0.0,0.0,0.0,0.0,0.0,0.0,26.9,31.8,24.4,13.885714285714286,47.5,72.0,62.509316770186345
2018,7,Marina Barrage,3.0,2.5,2.0,0.6,0.0,0.08571428571428573,0.6,0.6,0.6,27.7,33.6,25.0,10.471428571428572,42.8,73.0,61.378881987577635
2018,8,Marina Barrage,1.0,0.5,0.0,1.4,0.0,0.2285714285714285,0.6,0.6,0.8,27.642857142857146,32.7,25.1,10.014285714285714,35.3,69.0,55.22666666666667
2018,9,Marina Barrage,1.0,0.5,0.0,19.6,0.0,3.771428571428572,19.0,19.6,19.6,28.116666666666664,33.0,24.3,8.542857142857143,36.0,58.0,55.096774193548384
2018,10,Marina Barrage,3.0,2.5,2.0,11.8,0.0,2.3428571428571425,7.2,7.4,7.6,28.042857142857148,33.1,25.0,9.914285714285716,49.0,57.0,51.0
2018,11,Marina Barrage,2.0,1.5,1.0,14.4,0.0,2.085714285714286,6.6,12.6,12.6,28.766666666666666,34.2,25.3,8.542857142857143,36.4,58.0,55.364779874213845
2018,12,Marina Barrage,2.0,1.0,0.0,30.8,0.0,4.457142857142856,14.8,19.6,30.8,28.614285714285717,33.4,24.2,8.342857142857143,40.7,65.0,55.490683229813655
2018,13,Marina Barrage,0.0,0.0,0.0,15.4,0.0,4.766666666666667,12.8,15.4,15.4,27.325,32.9,23.9,7.066666666666667,42.8,76.0,59.33125
2018,14,Marina Barrage,2.0,1.0,0.0,10.0,0.0,1.933333333333333,3.2,3.2,4.8,28.74,33.6,25.6,7.366666666666667,29.5,75.0,64.46280991735537
2018,15,Marina Barrage,8.0,5.0,2.0,23.0,0.0,5.457142857142856,10.4,12.2,20.8,29.0,33.7,24.2,7.357142857142858,39.2,64.0,55.68376068376068
2018,16,Marina Barrage,7.0,6.0,5.0,96.0,0.0,18.366666666666667,51.0,71.2,82.8,28.55,33.5,23.6,6.216666666666666,37.4,60.0,54.03726708074535
2018,17,Marina Barrage,7.0,3.5,0.0,34.2,0.0,7.633333333333334,15.4,23.0,28.4,28.86000000000001,34.9,24.7,5.3,31.7,66.0,60.46540880503143
2018,18,Marina Barrage,0.0,0.0,0.0,5.0,0.0,1.5714285714285714,3.8,3.8,3.8,29.3,34.3,24.9,4.385714285714285,32.4,72.0,61.180124223602476
2018,19,Marina Barrage,0.0,0.0,0.0,3.4,0.0,0.8571428571428571,2.4,2.4,2.4,30.214285714285715,34.6,26.9,5.414285714285714,25.6,67.0,53.19875776397515
2018,20,Marina Barrage,4.0,2.0,0.0,10.4,0.0,4.4,10.0,10.4,10.4,29.08,34.3,25.0,4.26,27.4,84.0,58.409937888198755
2018,21,Marina Barrage,5.0,4.0,3.0,7.2,0.0,2.4,6.8,7.2,7.2,29.2,33.5,26.7,4.533333333333333,21.2,83.0,61.34782608695652
2018,22,Marina Barrage,8.0,5.0,2.0,27.0,0.0,9.95,13.2,17.8,23.8,28.5,33.3,24.0,4.675,44.3,75.0,59.2125
2018,23,Marina Barrage,9.0,6.5,4.0,3.8,0.0,0.8857142857142856,2.4,2.8,3.8,30.26,35.0,24.2,5.028571428571428,48.2,73.0,62.335403726708066
2018,24,Marina Barrage,6.0,6.0,6.0,12.8,0.0,2.2857142857142856,7.4,8.2,9.4,29.542857142857148,34.0,23.9,5.471428571428571,51.5,63.0,55.683229813664596
2018,25,Marina Barrage,6.0,5.5,5.0,7.6,0.0,4.0,6.8,7.0,7.2,28.366666666666664,33.3,23.9,5.7,38.2,67.0,53.4125
2018,26,Marina Barrage,5.0,3.5,2.0,49.4,0.0,11.36,26.2,39.8,49.4,26.975,30.8,22.9,5.7600000000000025,42.5,55.0,45.289655172413795
2018,27,Marina Barrage,8.0,6.5,5.0,1.2,0.0,0.3,0.8,1.0,1.2,28.9,32.6,26.2,6.1000000000000005,29.5,66.0,53.762589928057544
2018,28,Marina Barrage,7.0,6.5,6.0,7.0,0.0,1.3,5.4,5.6,5.8,28.83333333333333,34.0,23.7,6.3,37.4,74.0,59.68944099378882
2018,29,Marina Barrage,6.0,5.0,4.0,14.6,0.0,3.5428571428571423,13.6,14.2,14.4,29.2,33.0,24.5,5.757142857142857,36.7,71.0,65.7062937062937
2018,30,Marina Barrage,2.0,1.5,1.0,1.0,0.0,0.14285714285714285,0.6,1.0,1.0,29.557142857142853,34.3,25.6,5.7142857142857135,32.8,73.0,62.16770186335403
2018,31,Marina Barrage,4.0,2.0,0.0,0.0,0.0,0.0,0.0,0.0,0.0,28.85,33.0,26.5,5.5749999999999975,27.4,70.0,58.08074534161491
2018,32,Marina Barrage,10.0,7.0,4.0,2.0,0.0,0.2857142857142857,1.6,1.6,1.6,29.085714285714282,34.1,23.4,5.757142857142857,58.7,70.0,62.15527950310559
2018,33,Marina Barrage,8.0,7.5,7.0,12.6,0.0,1.8,8.4,8.8,8.8,29.742857142857147,34.3,24.2,6.8428571428571425,36.7,70.0,63.518518518518526
2018,34,Marina Barrage,6.0,5.5,5.0,21.4,0.0,5.6000000000000005,16.2,20.8,21.4,29.22,34.6,25.0,5.428571428571429,33.5,67.0,55.962732919254655
2018,35,Marina Barrage,4.0,4.0,4.0,0.0,0.0,0.0,0.0,0.0,0.0,29.02,34.9,25.4,5.34,31.7,70.0,59.61875
2018,36,Marina Barrage,4.0,3.5,3.0,47.0,0.6,23.95000000000001,37.0,42.0,46.2,27.55,31.6,24.8,4.85,41.8,71.0,61.08074534161491
2018,37,Marina Barrage,3.0,2.0,1.0,6.2,0.0,0.9714285714285714,3.2,3.2,3.6,28.98,33.4,24.8,5.3,31.0,67.0,59.55
2018,38,Marina Barrage,0.0,0.0,0.0,14.4,0.0,3.3428571428571425,9.0,10.2,10.2,28.17142857142857,33.6,23.2,5.128571428571427,41.0,69.0,60.04
2018,39,Marina Barrage,4.0,2.0,0.0,1.6,0.0,0.26666666666666666,1.6,1.6,1.6,29.8,34.9,26.8,4.928571428571429,24.8,66.0,61.1125
2018,40,Marina Barrage,3.0,2.5,2.0,0.0,0.0,0.0,0.0,0.0,0.0,29.814285714285717,35.6,26.7,4.985714285714288,31.0,71.0,62.60248447204968
2018,41,Marina Barrage,2.0,1.5,1.0,43.2,2.8,19.342857142857138,34.6,36.6,36.6,27.18333333333333,33.5,23.7,5.314285714285714,34.2,65.0,55.385093167701854
2018,42,Marina Barrage,1.0,0.5,0.0,2.6,0.0,0.6666666666666666,1.6,1.8,2.0,28.660000000000004,34.6,23.9,5.883333333333334,34.9,67.0,59.06962025316456
2018,43,Marina Barrage,0.0,0.0,0.0,15.8,0.0,5.342857142857143,12.8,13.8,13.8,28.642857142857146,34.5,24.2,5.1000000000000005,33.5,80.0,64.26086956521739
2018,44,Marina Barrage,4.0,3.0,2.0,23.4,0.0,5.6,12.0,18.4,19.6,28.05,34.3,24.9,5.98,32.8,61.0,54.31012658227848
2018,45,Marina Barrage,4.0,4.0,4.0,37.2,0.0,14.233333333333334,22.8,32.4,37.2,27.9,34.0,24.2,5.616666666666667,29.5,69.0,53.85714285714285
2018,46,Marina Barrage,1.0,1.0,1.0,56.2,0.0,16.099999999999998,30.4,44.2,52.2,27.78333333333333,33.2,22.1,4.316666666666666,50.8,62.0,54.91304347826087
2018,47,Marina Barrage,3.0,2.5,2.0,15.6,0.0,7.7200000000000015,10.0,14.2,14.4,27.8,33.8,24.3,5.26,41.8,63.0,53.50314465408805
2018,48,Marina Barrage,1.0,0.5,0.0,47.6,0.2,11.8,27.8,43.8,46.0,27.957142857142852,33.0,22.9,6.485714285714287,39.2,58.0,49.31055900621118
2018,49,Marina Barrage,1.0,0.5,0.0,2.4,0.0,0.95,2.4,2.4,2.4,28.4,34.6,26.0,5.2,23.8,57.0,49.42857142857143
2018,50,Marina Barrage,1.0,1.0,1.0,62.2,0.0,13.920000000000002,30.4,46.8,58.0,27.340000000000003,33.1,24.5,6.540000000000001,33.5,53.0,45.6
2018,51,Marina Barrage,5.0,3.5,2.0,2.2,0.0,0.5333333333333333,2.2,2.2,2.2,28.46,33.5,25.6,6.9833333333333325,33.5,69.0,53.72611464968153
2018,52,Marina Barrage,7.0,6.0,5.0,36.2,0.0,7.2666666666666675,15.2,28.4,33.0,29.03333333333333,33.9,23.5,7.616666666666667,51.5,69.0,58.16770186335403
2019,1,Marina Barrage,8.0,8.0,8.0,0.0,0.0,0.0,0.0,0.0,0.0,29.425,34.5,25.8,10.24,44.6,70.0,54.77536231884058
2019,2,Marina Barrage,20.0,14.5,9.0,19.2,0.0,4.8,11.6,18.2,19.2,28.642857142857146,34.4,25.3,10.657142857142855,37.8,53.0,49.180124223602476
2019,3,Marina Barrage,21.0,20.5,20.0,47.2,0.0,13.62857142857143,26.6,42.2,47.2,27.73333333333333,34.2,24.0,9.957142857142856,66.2,55.0,48.696202531645575
2019,4,Marina Barrage,29.0,20.5,12.0,9.2,0.0,1.3142857142857145,7.8,8.0,9.0,27.885714285714286,31.8,25.7,12.642857142857142,43.6,61.0,53.56129032258065
2019,5,Marina Barrage,33.0,33.0,33.0,0.0,0.0,0.0,0.0,0.0,0.0,28.475,32.2,26.0,11.883333333333333,39.2,58.0,52.034246575342465
2019,6,Marina Barrage,,,,0.0,0.0,0.0,0.0,0.0,0.0,28.62,34.0,25.7,9.1,36.7,68.0,54.838709677419345
2019,7,Marina Barrage,,,,15.8,0.0,2.257142857142857,14.4,14.4,14.6,28.616666666666664,34.5,25.0,11.514285714285714,37.8,56.0,52.95652173913044
2019,8,Marina Barrage,,,,3.0,0.0,0.42857142857142855,1.0,2.0,2.4,28.58571428571429,33.7,22.9,8.414285714285715,47.5,57.0,54.18471337579618
2019,9,Marina Barrage,,,,1.2,0.0,0.17142857142857146,0.6,0.6,1.0,28.6,33.3,26.2,11.114285714285712,43.9,58.0,55.180124223602476
2019,10,Marina Barrage,,,,0.2,0.0,0.028571428571428574,0.2,0.2,0.2,29.0,33.7,25.8,7.014285714285713,26.6,70.0,59.77018633540373
2019,11,Marina Barrage,,,,5.8,0.0,0.8857142857142858,5.6,5.8,5.8,29.12857142857143,34.6,24.1,8.6,35.6,63.0,56.66875
2019,12,Marina Barrage,,,,25.0,0.0,4.342857142857143,8.6,11.0,20.0,29.228571428571428,34.9,25.0,7.77142857142857,35.3,74.0,61.232704402515715
2019,13,Marina Barrage,,,,22.8,0.0,4.066666666666666,20.0,22.6,22.8,29.58,34.9,25.4,7.5,47.9,77.0,62.776397515527954
2019,14,Marina Barrage,11.0,11.0,11.0,62.8,0.0,18.08,36.4,54.0,58.6,28.633333333333336,34.7,22.6,6.3400000000000025,43.2,71.0,55.43478260869565
2019,15,Marina Barrage,8.0,8.0,8.0,0.0,0.0,0.0,0.0,0.0,0.0,29.57500000000001,34.1,26.8,5.675,27.7,68.0,57.99378881987578
2019,16,Marina Barrage,17.0,17.0,17.0,25.6,0.0,3.6571428571428575,19.8,21.2,21.2,30.17142857142857,35.0,25.1,5.142857142857143,26.6,66.0,55.94230769230769
2019,17,Marina Barrage,7.0,7.0,7.0,19.2,2.4,9.7,10.4,17.4,19.2,29.0,33.5,24.7,3.8333333333333335,29.9,69.0,55.69285714285714
2019,18,Marina Barrage,21.0,15.0,9.0,12.6,0.0,3.25,12.0,12.6,12.6,,34.4,28.0,,,81.0,64.19254658385093
2019,19,Marina Barrage,81.0,81.0,81.0,68.6,0.0,12.599999999999998,28.8,34.8,35.4,29.36000000000001,33.8,22.7,5.7,59.4,64.0,54.975155279503106
2019,20,Marina Barrage,66.0,66.0,66.0,14.0,0.0,2.84,13.2,13.8,13.8,,,,5.1,28.8,66.0,56.24844720496895
2019,21,Marina Barrage,69.0,69.0,69.0,0.8,0.0,0.1142857142857143,0.6,0.8,0.8,30.15,34.5,27.9,4.942857142857143,32.0,57.0,47.65605095541401
2019,22,Marina Barrage,56.0,56.0,56.0,15.6,0.0,3.9,15.4,15.6,15.6,29.61666666666667,34.5,25.6,4.15,24.5,54.0,43.329192546583855
2019,23,Marina Barrage,96.0,90.5,85.0,1.8,0.0,1.1333333333333335,1.6,1.6,1.8,29.5,32.5,28.1,4.533333333333334,22.0,56.0,49.73913043478261
2019,24,Marina Barrage,92.0,92.0,92.0,6.6,0.0,1.4,4.4,5.4,6.4,29.579999999999995,33.6,27.2,5.040000000000001,38.2,52.0,41.36666666666667
2019,25,Marina Barrage,106.0,106.0,106.0,8.4,0.0,2.4,3.6,4.4,5.6,28.2,32.5,24.9,4.425000000000002,34.9,52.0,42.37179487179487
2019,26,Marina Barrage,163.0,163.0,163.0,10.0,0.0,3.24,8.2,9.8,10.0,28.75,33.8,25.0,5.540000000000001,49.0,62.0,54.1
2019,27,Marina Barrage,165.0,148.0,131.0,0.0,0.0,0.0,0.0,0.0,0.0,29.840000000000003,33.9,28.0,5.033333333333333,38.2,64.0,56.07453416149068
2019,28,Marina Barrage,206.0,206.0,206.0,15.2,0.0,2.8285714285714287,13.2,14.6,14.8,29.07500000000001,33.9,24.2,5.142857142857143,26.3,57.0,52.180124223602476
2019,29,Marina Barrage,263.0,263.0,263.0,0.0,0.0,0.0,0.0,0.0,0.0,29.64,33.9,27.6,6.466666666666666,27.4,59.0,56.276315789473685
2019,30,Marina Barrage,161.0,161.0,161.0,20.6,0.0,2.9714285714285715,20.2,20.2,20.4,29.0,33.8,24.6,5.4,29.9,57.0,54.15822784810127
2019,31,Marina Barrage,141.0,141.0,141.0,0.0,0.0,0.0,0.0,0.0,0.0,29.92,33.9,27.7,6.242857142857143,26.3,64.0,57.61875
2019,32,Marina Barrage,133.0,133.0,133.0,0.0,0.0,0.0,0.0,0.0,0.0,29.466666666666665,33.3,27.6,6.742857142857143,24.8,70.0,65.17391304347827
2019,33,Marina Barrage,112.0,112.0,112.0,9.0,0.0,1.2857142857142858,9.0,9.0,9.0,29.9,34.5,25.0,6.057142857142857,28.4,66.0,60.45625
2019,34,Marina Barrage,,,,0.0,0.0,0.0,0.0,0.0,0.0,29.88000000000001,34.8,27.3,6.442857142857143,29.5,64.0,59.28025477707006
2019,35,Marina Barrage,114.0,114.0,114.0,5.0,0.0,1.8333333333333333,4.8,4.8,4.8,28.58,33.6,25.1,5.383333333333334,37.1,81.0,63.29192546583851
2019,36,Marina Barrage,65.0,65.0,65.0,0.2,0.0,0.03333333333333333,0.2,0.2,0.2,29.9,34.5,27.5,6.283333333333334,25.6,73.0,66.92546583850931
2019,37,Marina Barrage,66.0,66.0,66.0,0.0,0.0,0.0,0.0,0.0,0.0,29.46666666666667,34.4,27.4,5.071428571428571,24.8,124.0,92.18987341772151
2019,38,Marina Barrage,76.0,76.0,76.0,0.0,0.0,0.0,0.0,0.0,0.0,29.58,34.0,27.0,5.9,28.4,154.0,101.3167701863354
2019,39,Marina Barrage,55.0,55.0,55.0,22.6,0.0,4.733333333333333,7.6,12.0,18.4,29.125,33.9,25.2,5.15,32.0,129.0,82.8944099378882
2019,40,Marina Barrage,47.0,47.0,47.0,2.0,0.0,0.5714285714285714,0.8,0.8,1.0,28.675,33.7,24.7,4.883333333333333,31.3,67.0,58.60869565217392
2019,41,Marina Barrage,41.0,41.0,41.0,2.2,0.0,0.4,1.8,2.0,2.0,29.28,34.2,25.8,4.614285714285714,30.6,69.0,60.24528301886792
2019,42,Marina Barrage,23.0,23.0,23.0,0.2,0.0,0.028571428571428574,0.2,0.2,0.2,29.6,34.8,26.6,4.728571428571429,33.5,67.0,59.180124223602476
2019,43,Marina Barrage,12.0,12.0,12.0,31.2,0.0,10.28,23.6,28.2,31.2,29.35,34.8,23.6,4.9,30.2,69.0,58.150943396226424
2019,44,Marina Barrage,19.0,19.0,19.0,1.4,0.0,0.2333333333333333,1.4,1.4,1.4,29.53333333333333,33.8,26.1,5.1000000000000005,35.6,75.0,64.11180124223603
2019,45,Marina Barrage,26.0,26.0,26.0,2.2,0.0,0.3666666666666667,1.2,1.6,2.0,29.64,34.9,24.3,5.933333333333334,45.0,88.0,77.53333333333333
2019,46,Marina Barrage,24.0,24.0,24.0,4.8,0.0,0.9142857142857144,4.8,4.8,4.8,29.1,35.1,25.4,5.442857142857144,33.8,,
2019,47,Marina Barrage,22.0,22.0,22.0,10.4,0.0,2.2,7.8,8.0,8.2,28.225,34.9,25.2,6.959999999999999,28.8,,
2019,48,Marina Barrage,18.0,18.0,18.0,20.0,0.0,4.171428571428572,9.4,10.2,15.0,28.53333333333333,34.5,24.9,6.985714285714287,34.6,,
2019,49,Marina Barrage,24.0,24.0,24.0,52.8,0.0,10.56,36.6,44.4,46.2,27.98,32.9,23.2,12.34,45.7,,
2019,50,Marina Barrage,29.0,29.0,29.0,54.0,25.6,37.333333333333336,9.8,15.2,20.2,25.0,29.9,23.7,6.566666666666666,36.7,,
2019,51,Marina Barrage,19.0,19.0,19.0,6.6,0.0,1.52,3.8,3.8,4.4,27.16666666666667,31.1,23.8,7.56,33.5,,
2019,52,Marina Barrage,14.0,14.0,14.0,26.8,0.0,3.4000000000000004,19.4,26.8,26.8,28.07500000000001,32.5,25.9,10.68888888888889,35.6,,
