Year,Week,Max cases with onset in last 2 weeks,Average cases with onset in last 2 weeks,Max Daily Rainfall Total (mm),Min Daily Rainfall Total (mm),Average Daily Rainfall Total (mm),Highest 30 Min Rainfall (mm),Highest 60 Min Rainfall (mm),Highest 120 Min Rainfall (mm),Mean Temperature (°C),Maximum Temperature (°C),Minimum Temperature (°C),Mean Wind Speed (km/h),Max Wind Speed (km/h),Cases in week,population,cases_per_capita,mean_sunshine_hrs,temp_mean_daily_max,mean_relative_humidity
2014.0,1.0,155.0,155.0,57.6,0.0,6.847999999999999,30.6,42.2,52.0,26.612,32.4,23.3,7.095999999999999,72.4,436.0,5496512.0,7.932303249770036e-05,5.3,29.6,78.5
2014.0,2.0,224.0,175.5,61.8,0.0,7.931428571428571,19.4,24.4,24.8,26.55142857142857,34.0,23.2,6.460000000000001,66.2,479.0,5496512.0,8.714617561100566e-05,5.3,29.6,78.5
2014.0,3.0,211.0,202.5,1.0,0.0,0.028571428571428567,1.0,1.0,1.0,26.288571428571423,31.0,23.3,10.185714285714287,45.0,401.0,5496512.0,7.295535787059139e-05,5.3,29.6,78.5
2014.0,4.0,168.0,154.5,0.0,0.0,0.0,0.0,0.0,0.0,25.834285714285716,31.0,22.4,9.882857142857144,45.4,336.0,5496512.0,6.112967642024615e-05,5.3,29.6,78.5
2014.0,5.0,130.0,125.33333333333331,0.0,0.0,0.0,0.0,0.0,0.0,26.285714285714285,34.3,21.9,10.13714285714286,42.8,234.0,5496512.0,4.2572453221242855e-05,8.8,31.9,74.5
2014.0,6.0,130.0,117.0,40.2,0.0,1.485714285714286,37.0,40.2,40.2,26.76,34.9,22.3,8.260000000000002,51.5,273.0,5496512.0,4.966786209145e-05,8.8,31.9,74.5
2014.0,7.0,115.0,103.0,50.4,0.0,1.617142857142857,26.0,36.8,49.2,27.705714285714286,34.2,21.7,9.565714285714282,41.0,369.0,5496512.0,6.713348392580604e-05,8.8,31.9,74.5
2014.0,8.0,140.0,123.66666666666669,0.0,0.0,0.0,0.0,0.0,0.0,27.74285714285714,33.9,22.0,10.48857142857143,44.3,193.0,5496512.0,3.511317722948663e-05,8.8,31.9,74.5
2014.0,9.0,91.0,68.33333333333333,0.0,0.0,0.0,0.0,0.0,0.0,27.55619047619048,34.4,23.5,10.068571428571428,41.4,186.0,5496512.0,3.383964230406483e-05,8.0,32.8,76.0
2014.0,10.0,67.0,56.25,0.0,0.0,0.0,0.0,0.0,0.0,27.834285714285716,35.8,23.7,8.971428571428572,42.1,209.0,5496512.0,3.80241142018793e-05,8.0,32.8,76.0
2014.0,11.0,107.0,90.66666666666669,52.6,0.0,4.960000000000001,20.4,26.2,37.8,28.05428571428572,35.2,23.6,9.222857142857142,75.2,224.0,5496512.0,4.0753117613497433e-05,8.0,32.8,76.0
2014.0,12.0,157.0,148.0,71.6,0.0,12.718095238095238,52.8,63.6,71.4,27.05428571428572,34.5,23.4,6.382380952380951,40.7,210.0,5496512.0,3.820604776265384e-05,8.0,32.8,76.0
2014.0,13.0,193.0,162.66666666666666,30.8,0.0,1.777142857142857,25.2,30.8,30.8,28.619047619047624,34.9,24.2,7.488571428571428,37.1,225.0,5496512.0,4.0935051174271974e-05,5.7,32.4,80.0
2014.0,14.0,136.0,130.0,36.8,0.0,4.114285714285715,15.2,17.2,25.0,28.451428571428572,34.7,22.8,6.211428571428571,85.0,240.0,5496512.0,4.366405458589011e-05,5.7,32.4,80.0
2014.0,15.0,111.0,107.33333333333331,20.4,0.0,3.8685714285714288,14.2,19.8,19.8,28.01142857142857,34.6,22.8,5.482857142857144,43.2,244.0,5496512.0,4.4391788828988284e-05,5.7,32.4,80.0
2014.0,16.0,125.0,114.5,46.0,0.0,4.982857142857143,37.8,45.2,46.0,28.32,35.3,23.0,5.157142857142857,46.1,235.0,5496512.0,4.27543867820174e-05,5.7,32.4,80.0
2014.0,17.0,145.0,126.66666666666669,53.6,0.0,4.98,44.0,51.2,53.6,28.162857142857145,35.2,23.8,5.034285714285714,42.8,282.0,5496512.0,5.130526413842088e-05,5.7,32.4,80.0
2014.0,18.0,119.0,119.0,50.4,0.0,3.942857142857142,27.0,36.2,42.4,28.92,34.8,24.0,5.305714285714286,61.2,251.0,5496512.0,4.566532375441007e-05,5.8,32.1,80.2
2014.0,19.0,103.0,90.5,42.2,0.0,5.6171428571428565,30.4,36.8,37.2,28.905714285714282,34.6,22.7,5.148571428571428,41.4,261.0,5496512.0,4.748465936215549e-05,5.8,32.1,80.2
2014.0,20.0,114.0,89.5,66.8,0.0,8.708571428571428,33.4,50.0,64.8,28.44,34.3,23.0,5.2771428571428585,44.3,291.0,5496512.0,5.2942666185391745e-05,5.8,32.1,80.2
2014.0,21.0,196.0,150.5,38.8,0.0,5.6,18.0,34.8,38.8,28.10857142857143,34.7,22.8,5.182857142857143,36.7,427.0,5496512.0,7.768563045072948e-05,5.8,32.1,80.2
2014.0,22.0,277.0,228.0,25.4,0.0,5.7714285714285705,21.6,25.4,25.4,28.502857142857145,34.0,24.2,5.491428571428571,45.0,456.0,5496512.0,8.29617037131912e-05,6.0,32.1,77.5
2014.0,23.0,299.0,257.5,42.4,0.0,5.8342857142857145,20.0,27.4,38.0,28.44571428571428,33.7,23.7,5.6571428571428575,49.7,458.0,5496512.0,8.332557083474028e-05,6.0,32.1,77.5
2014.0,24.0,319.0,284.0,25.2,0.0,3.7942857142857145,20.2,23.2,24.0,29.333809523809517,35.0,22.5,5.6,88.6,506.0,5496512.0,9.20583817519183e-05,6.0,32.1,77.5
2014.0,25.0,286.0,269.0,23.4,0.0,2.4857142857142858,13.0,18.6,22.6,29.974285714285717,34.8,22.9,6.6342857142857135,52.2,550.0,5496512.0,0.00010006345842599815,6.0,32.1,77.5
2014.0,26.0,329.0,318.5,25.2,0.0,3.331428571428572,21.0,23.6,25.0,28.91428571428571,33.7,22.3,5.805714285714285,53.3,671.0,5496512.0,0.00012207741927971775,5.5,31.6,78.3
2014.0,27.0,460.0,419.0,35.0,0.0,5.08,24.4,31.8,34.8,28.291428571428572,33.4,22.8,5.2057142857142855,69.1,888.0,5496512.0,0.0001615570019677934,5.5,31.6,78.3
2014.0,28.0,633.0,528.5,50.4,0.0,9.588571428571427,40.4,49.4,50.0,28.194285714285712,33.6,21.7,6.071428571428571,59.8,818.0,5496512.0,0.00014882165271357543,5.5,31.6,78.3
2014.0,29.0,671.0,641.5,22.4,0.0,1.7714285714285711,22.0,22.2,22.2,29.29714285714286,34.5,22.3,6.319999999999999,56.5,744.0,5496512.0,0.00013535856921625933,5.5,31.6,78.3
2014.0,30.0,515.0,500.0,27.8,0.0,2.4285714285714293,15.8,27.0,27.6,29.61714285714286,34.6,22.5,7.2371428571428575,100.1,633.0,5496512.0,0.00011516394397028515,5.5,31.6,78.3
2014.0,31.0,389.0,357.0,72.0,0.0,9.131428571428572,35.6,63.4,72.0,28.262857142857147,33.2,21.1,6.222857142857142,70.6,484.0,5496512.0,8.805584341487838e-05,4.5,30.4,79.7
2014.0,32.0,341.0,312.5,15.0,0.0,2.9485714285714284,12.6,12.6,12.6,27.96857142857143,33.7,23.2,6.622857142857143,52.9,545.0,5496512.0,9.915379062212544e-05,4.5,30.4,79.7
2014.0,33.0,264.0,258.0,60.2,0.0,7.685714285714287,37.2,46.2,46.2,27.277142857142852,32.7,22.9,5.505714285714286,40.3,438.0,5496512.0,7.968689961924944e-05,4.5,30.4,79.7
2014.0,34.0,217.0,216.0,24.0,0.0,3.4057142857142857,17.4,19.0,24.0,28.114285714285717,33.0,23.8,6.1571428571428575,46.8,418.0,5496512.0,7.604822840375861e-05,4.5,30.4,79.7
2014.0,35.0,182.0,174.0,44.2,0.0,9.845714285714283,36.4,41.4,42.4,27.008571428571443,32.8,22.0,5.285714285714286,53.3,367.0,5496512.0,6.676961680425696e-05,7.0,31.8,75.6
2014.0,36.0,175.0,161.5,59.4,0.0,4.8571428571428585,42.2,56.0,59.4,28.06,34.1,22.3,6.2457142857142856,49.0,339.0,5496512.0,6.167547710256978e-05,7.0,31.8,75.6
2014.0,37.0,173.0,167.5,63.4,0.0,3.3028571428571425,28.6,35.0,40.8,28.562857142857148,33.7,22.9,6.5,43.6,362.0,5496512.0,6.585994900038424e-05,7.0,31.8,75.6
2014.0,38.0,173.0,163.0,45.8,0.0,4.8285714285714265,29.8,31.4,31.4,28.728571428571435,33.4,22.4,7.2628571428571425,69.5,396.0,5496512.0,7.204569006671867e-05,7.0,31.8,75.6
2014.0,39.0,190.0,173.0,23.4,0.0,3.994285714285714,13.0,14.4,20.8,28.668571428571425,34.7,22.8,6.68,61.6,344.0,5496512.0,6.258514490644249e-05,6.0,32.1,77.0
2014.0,40.0,206.0,184.5,38.6,0.0,1.6628571428571426,32.2,38.4,38.6,28.78571428571429,34.4,23.4,6.854285714285713,74.9,339.0,5496512.0,6.167547710256978e-05,6.0,32.1,77.0
2014.0,41.0,142.0,138.5,0.4,0.0,0.02285714285714286,0.4,0.4,0.4,29.127619047619053,34.3,24.7,6.459999999999999,36.4,278.0,5496512.0,5.057752989532271e-05,6.0,32.1,77.0
2014.0,42.0,138.0,121.5,32.6,0.0,4.064761904761904,15.4,27.2,29.6,28.231904761904765,34.6,23.4,5.102380952380953,42.8,297.0,5496512.0,5.4034267550039006e-05,6.0,32.1,77.0
2014.0,43.0,149.0,138.5,69.8,0.0,4.354285714285714,31.2,56.2,60.0,28.342857142857138,34.3,22.9,5.19142857142857,35.3,213.0,5496512.0,3.875184844497747e-05,6.0,32.1,77.0
2014.0,44.0,114.0,101.5,68.4,0.0,7.897142857142858,43.6,61.6,67.8,28.47142857142857,34.5,22.2,5.12,47.2,186.0,5496512.0,3.383964230406483e-05,5.4,31.6,82.4
2014.0,45.0,79.0,76.5,62.2,0.0,13.76,30.8,37.4,41.2,27.911428571428576,34.5,22.5,5.751428571428572,49.7,168.0,5496512.0,3.056483821012308e-05,5.4,31.6,82.4
2014.0,46.0,59.0,54.5,92.6,0.0,14.811428571428573,68.2,90.6,92.6,27.07428571428572,34.5,22.2,5.005714285714286,83.9,158.0,5496512.0,2.8745502602377648e-05,5.4,31.6,82.4
2014.0,47.0,58.0,52.5,50.0,0.0,7.034285714285714,46.4,47.8,48.0,27.102857142857147,33.6,23.1,4.845714285714285,95.4,149.0,5496512.0,2.710810055540677e-05,5.4,31.6,82.4
2014.0,48.0,55.0,49.5,58.2,0.0,9.708571428571428,36.4,46.8,57.0,27.417142857142853,33.3,22.5,5.002857142857144,42.8,162.0,5496512.0,2.9473236845475822e-05,3.7,30.6,82.6
2014.0,49.0,67.0,54.5,78.2,0.0,13.685714285714289,33.0,53.2,70.6,27.40857142857143,34.1,22.3,5.008571428571429,58.3,212.0,5496512.0,3.856991488420293e-05,3.7,30.6,82.6
2014.0,50.0,70.0,66.5,45.6,0.0,4.742857142857143,30.6,37.8,40.6,27.90857142857143,33.5,23.8,6.748571428571429,36.7,177.0,5496512.0,3.220224025709395e-05,3.7,30.6,82.6
2014.0,51.0,71.0,58.5,73.4,0.0,13.885714285714286,47.2,68.4,73.2,26.834285714285716,34.1,23.1,5.857142857142858,57.2,198.0,5496512.0,3.6022845033359335e-05,3.7,30.6,82.6
2014.0,52.0,61.0,54.66666666666666,67.4,0.0,8.696000000000002,30.6,35.2,47.2,26.221999999999998,32.0,22.6,6.392,61.9,188.0,5496512.0,3.4203509425613914e-05,3.7,30.6,82.6
2015.0,1.0,54.0,54.0,0.8,0.0,0.13,0.6,0.6,0.8,27.0,33.3,23.4,7.979999999999999,39.6,256.0,5592152.0,4.577844092935957e-05,7.4,30.7,77.6
2015.0,2.0,91.0,89.5,42.6,0.0,10.222857142857142,26.6,37.0,40.6,26.485714285714284,34.5,23.3,6.708571428571429,69.5,228.0,5592152.0,4.077142395271087e-05,7.4,30.7,77.6
2015.0,3.0,106.0,97.0,3.2,0.0,0.10857142857142857,3.2,3.2,3.2,27.31714285714286,33.1,23.4,9.717142857142855,39.6,238.0,5592152.0,4.255964430151398e-05,7.4,30.7,77.6
2015.0,4.0,96.0,92.5,35.0,0.0,3.348571428571428,32.6,34.6,35.0,26.8,32.2,23.1,9.42,42.5,259.0,5592152.0,4.63149070340005e-05,7.4,30.7,77.6
2015.0,5.0,119.0,94.0,1.2,0.0,0.06952380952380953,1.2,1.2,1.2,27.035714285714285,33.2,23.2,8.781904761904762,75.6,212.0,5592152.0,3.79102713946259e-05,7.3,31.3,75.4
2015.0,6.0,108.0,104.5,29.4,0.0,2.057142857142857,10.4,13.8,24.2,26.71142857142857,33.8,23.0,9.234285714285717,43.2,173.0,5592152.0,3.0936212034293765e-05,7.3,31.3,75.4
2015.0,7.0,86.0,77.0,2.4,0.0,0.06857142857142857,2.4,2.4,2.4,27.147619047619052,34.7,23.3,9.004999999999997,41.4,98.0,5592152.0,1.7524559418270466e-05,7.3,31.3,75.4
2015.0,8.0,60.0,60.0,26.4,0.0,3.1342857142857143,15.0,20.0,25.0,27.42857142857143,33.6,22.5,8.757142857142856,46.8,172.0,5592152.0,3.0757389999413464e-05,7.3,31.3,75.4
2015.0,9.0,45.0,40.0,67.6,0.0,5.4,35.8,61.2,67.4,27.840000000000003,35.2,20.3,8.034285714285714,42.8,189.0,5592152.0,3.379736459237875e-05,7.3,32.5,75.8
2015.0,10.0,55.0,51.5,45.6,0.0,2.617142857142857,37.4,44.8,45.6,28.088571428571424,35.2,22.7,7.317142857142858,44.3,110.0,5592152.0,1.9670423836834196e-05,7.3,32.5,75.8
2015.0,11.0,62.0,50.5,84.2,0.0,9.32,45.4,64.6,70.8,27.414285714285718,34.1,22.6,7.322857142857143,45.7,91.0,5592152.0,1.6272805174108284e-05,7.3,32.5,75.8
2015.0,12.0,51.0,42.0,63.2,0.0,7.1400000000000015,48.6,57.0,63.2,28.325714285714287,34.8,22.1,6.291428571428571,47.9,129.0,5592152.0,2.3068042499560095e-05,7.3,32.5,75.8
2015.0,13.0,42.0,36.0,49.6,0.0,3.7257142857142855,20.8,29.8,42.4,28.514285714285716,34.8,23.3,7.7628571428571425,57.2,90.0,5592152.0,1.6093983139227977e-05,7.2,33.2,77.1
2015.0,14.0,45.0,43.5,34.6,0.0,7.845714285714285,26.8,33.6,34.4,27.837142857142855,34.9,23.2,5.194285714285714,49.0,107.0,5592152.0,1.913395773219326e-05,7.2,33.2,77.1
2015.0,15.0,38.0,37.0,82.8,0.0,7.274285714285715,38.2,58.6,78.4,28.46,34.5,23.2,5.999999999999999,37.1,137.0,5592152.0,2.4498618778602584e-05,7.2,33.2,77.1
2015.0,16.0,35.0,31.0,48.8,0.0,4.04,22.0,35.0,48.4,28.962857142857146,34.4,22.8,6.208571428571428,37.4,113.0,5592152.0,2.0206889941475126e-05,7.2,33.2,77.1
2015.0,17.0,35.0,30.5,76.6,0.0,10.365714285714287,45.8,58.8,74.0,28.142857142857146,34.4,22.6,5.38,47.2,119.0,5592152.0,2.127982215075699e-05,7.2,33.2,77.1
2015.0,18.0,34.0,27.0,62.4,0.0,10.857142857142858,27.2,45.4,55.0,27.83142857142857,34.1,22.8,4.905714285714286,88.9,135.0,5592152.0,2.4140974708841958e-05,5.8,32.2,78.9
2015.0,19.0,57.0,57.0,27.2,0.0,2.3657142857142857,26.0,27.0,27.0,28.88000000000001,34.2,23.6,5.602857142857141,38.2,157.0,5592152.0,2.80750594762088e-05,5.8,32.2,78.9
2015.0,20.0,66.0,59.0,23.4,0.0,3.828571428571428,21.2,22.6,22.8,28.910476190476185,34.5,23.9,5.491428571428571,64.4,109.0,5592152.0,1.949160180195388e-05,5.8,32.2,78.9
2015.0,21.0,51.0,47.0,21.2,0.0,3.394285714285714,17.0,20.2,20.8,28.537142857142854,34.2,23.5,5.397142857142859,76.0,178.0,5592152.0,3.183032220869533e-05,5.8,32.2,78.9
2015.0,22.0,68.0,50.5,17.2,0.0,1.3142857142857145,8.6,11.8,16.0,29.157142857142855,34.8,22.8,6.319999999999999,51.5,151.0,5592152.0,2.7002127266926933e-05,6.7,32.0,75.8
2015.0,23.0,63.0,61.5,31.4,0.0,3.2571428571428567,20.0,22.2,23.2,29.21142857142857,34.9,24.4,5.974285714285713,40.3,192.0,5592152.0,3.433383069701968e-05,6.7,32.0,75.8
2015.0,24.0,74.0,65.0,27.4,0.0,3.7599999999999993,10.8,17.8,22.4,28.18,34.3,22.5,5.711428571428571,47.9,207.0,5592152.0,3.701616122022434e-05,6.7,32.0,75.8
2015.0,25.0,59.0,59.0,12.6,0.0,0.9200000000000002,11.2,11.8,11.8,28.997142857142855,33.9,22.9,6.3342857142857145,41.0,240.0,5592152.0,4.29172883712746e-05,6.7,32.0,75.8
2015.0,26.0,115.0,101.0,30.6,0.0,2.16,27.6,29.4,30.4,29.76857142857143,34.4,22.3,7.857142857142858,49.3,242.0,5592152.0,4.3274932441035225e-05,7.1,31.9,74.9
2015.0,27.0,136.0,125.0,35.4,0.0,4.428571428571429,23.0,32.8,35.4,29.154285714285717,34.7,22.0,6.497142857142857,59.4,272.0,5592152.0,4.863959348744455e-05,7.1,31.9,74.9
2015.0,28.0,132.0,117.0,28.4,0.0,4.994285714285715,21.8,27.8,27.8,29.020000000000003,33.3,23.1,6.817142857142858,45.0,263.0,5592152.0,4.7030195173521755e-05,7.1,31.9,74.9
2015.0,29.0,135.0,122.5,45.8,0.0,4.639999999999999,41.6,45.0,45.6,28.85142857142857,33.9,22.4,7.551428571428572,45.7,293.0,5592152.0,5.2394856219931077e-05,7.1,31.9,74.9
2015.0,30.0,145.0,119.5,13.0,0.0,0.6399999999999999,9.6,10.0,10.0,29.217142857142854,33.8,24.3,7.317142857142858,50.4,250.0,5592152.0,4.470550872007771e-05,7.1,31.9,74.9
2015.0,31.0,153.0,153.0,17.4,0.0,1.3885714285714283,12.2,15.4,16.4,28.54190476190476,33.5,23.4,6.93,53.6,226.0,5592152.0,4.041377988295025e-05,6.1,31.2,76.7
2015.0,32.0,108.0,108.0,62.4,0.0,12.874285714285715,32.8,41.6,51.0,27.76,34.0,21.7,6.057142857142857,48.6,221.0,5592152.0,3.951966970854869e-05,6.1,31.2,76.7
2015.0,33.0,74.0,74.0,63.2,0.0,2.622857142857144,29.4,47.8,57.6,28.72,33.9,23.7,6.917142857142857,49.0,250.0,5592152.0,4.470550872007771e-05,6.1,31.2,76.7
2015.0,34.0,69.0,69.0,20.4,0.0,1.5428571428571431,15.8,16.4,17.4,28.868571428571425,33.7,23.3,6.902857142857143,42.5,225.0,5592152.0,4.023495784806994e-05,6.1,31.2,76.7
2015.0,35.0,104.0,104.0,30.6,0.0,2.4685714285714293,27.6,29.2,30.0,28.87142857142857,34.4,23.8,7.2799999999999985,43.6,246.0,5592152.0,4.3990220580556456e-05,4.3,31.7,75.0
2015.0,36.0,137.0,115.5,64.0,0.0,3.074285714285714,59.4,62.6,64.0,29.068571428571424,34.1,22.7,7.642857142857142,42.1,217.0,5592152.0,3.880438156902745e-05,4.3,31.7,75.0
2015.0,37.0,137.0,137.0,23.0,0.0,2.731428571428572,16.2,19.6,21.2,28.454285714285717,33.8,23.2,6.331428571428572,68.0,303.0,5592152.0,5.418307656873418e-05,4.3,31.7,75.0
2015.0,38.0,95.0,95.0,93.0,0.0,6.371428571428571,39.0,66.2,91.8,28.462857142857146,34.2,23.1,6.097142857142857,39.6,214.0,5592152.0,3.826791546438652e-05,4.3,31.7,75.0
2015.0,39.0,,,10.4,0.0,0.7,8.2,10.0,10.2,28.94857142857143,33.9,24.7,5.868571428571428,36.7,257.0,5592152.0,4.595726296423988e-05,4.7,32.2,75.4
2015.0,40.0,150.0,138.0,84.2,0.0,8.885714285714286,55.8,78.8,83.0,28.47714285714286,33.6,22.5,5.702857142857143,73.8,236.0,5592152.0,4.2202000231753364e-05,4.7,32.2,75.4
2015.0,41.0,163.0,163.0,40.0,0.0,5.451428571428572,40.0,40.0,40.0,28.5,34.0,22.5,5.18,55.1,235.0,5592152.0,4.202317819687304e-05,4.7,32.2,75.4
2015.0,42.0,137.0,137.0,32.5,0.0,2.271428571428572,27.0,31.5,32.0,29.014285714285716,34.9,23.4,5.78,34.9,224.0,5592152.0,4.005613581318962e-05,4.7,32.2,75.4
2015.0,43.0,,,36.5,0.0,2.9657142857142853,24.0,36.0,36.5,29.002857142857145,34.0,23.3,6.30857142857143,40.3,246.0,5592152.0,4.3990220580556456e-05,4.7,32.2,75.4
2015.0,44.0,159.0,141.0,53.6,0.0,7.0552380952380975,35.4,47.8,52.2,27.86904761904761,34.2,21.9,5.29047619047619,59.4,266.0,5592152.0,4.756666127816269e-05,4.8,32.1,79.1
2015.0,45.0,125.0,125.0,31.8,0.0,3.1028571428571423,19.6,22.4,28.0,28.07142857142857,34.2,23.2,5.148571428571429,44.3,198.0,5592152.0,3.540676290630155e-05,4.8,32.1,79.1
2015.0,46.0,145.0,145.0,65.0,0.0,6.622857142857143,36.4,46.4,63.4,27.94571428571428,34.3,23.9,4.954285714285713,56.9,254.0,5592152.0,4.542079685959895e-05,4.8,32.1,79.1
2015.0,47.0,126.0,126.0,65.4,0.0,10.342857142857145,54.2,63.4,64.2,27.67142857142857,34.5,23.2,5.257142857142859,47.5,282.0,5592152.0,5.0427813836247664e-05,4.8,32.1,79.1
2015.0,48.0,101.0,101.0,42.6,0.0,7.6342857142857135,34.2,40.8,42.2,27.79714285714286,34.5,23.6,5.6400000000000015,76.0,259.0,5592152.0,4.63149070340005e-05,5.3,31.5,81.1
2015.0,49.0,181.0,161.5,88.6,0.0,13.571428571428573,43.2,67.8,84.6,27.771428571428572,34.1,22.9,5.502857142857144,58.0,356.0,5592152.0,6.366064441739066e-05,5.3,31.5,81.1
2015.0,50.0,,,41.6,0.0,13.092857142857142,32.6,33.2,39.6,27.49,34.7,22.5,6.022857142857142,91.8,333.0,5592152.0,5.954773761514351e-05,5.3,31.5,81.1
2015.0,51.0,164.0,164.0,26.4,0.0,1.9097142857142857,13.2,13.2,13.4,27.86771428571429,34.4,23.2,7.05,46.8,367.0,5592152.0,6.562768680107407e-05,5.3,31.5,81.1
2015.0,52.0,224.0,224.0,40.2,0.0,6.617142857142857,25.0,31.6,39.0,28.217142857142854,34.2,22.8,6.454285714285714,55.4,457.0,5592152.0,8.172166994030206e-05,5.3,31.5,81.1
2015.0,53.0,344.0,272.5,42.4,0.0,9.784285714285714,21.0,23.0,27.2,27.564285714285717,34.3,23.5,7.866428571428571,42.8,,5592152.0,0.0,5.3,31.5,81.1
2016.0,1.0,348.0,296.0,39.6,0.0,3.5572698412698407,18.4,31.0,38.4,27.966285714285718,34.1,22.9,7.339428571428572,58.7,545.0,5653634.0,9.639817504988826e-05,7.2,31.8,79.6
2016.0,2.0,458.0,400.0,43.0,0.0,8.611428571428572,27.2,37.8,40.4,28.222857142857148,34.4,23.2,6.342857142857143,73.8,620.0,5653634.0,0.0001096639789558362,7.2,31.8,79.6
2016.0,3.0,568.0,504.0,22.6,0.0,4.68,13.4,16.2,20.0,28.154285714285717,34.5,22.2,7.1342857142857135,46.4,636.0,5653634.0,0.00011249401712243843,7.2,31.8,79.6
2016.0,4.0,574.0,573.0,91.0,0.0,7.205714285714286,28.4,34.8,42.2,28.09142857142857,34.1,23.7,7.891428571428572,64.8,623.0,5653634.0,0.00011019461111207412,7.2,31.8,79.6
2016.0,5.0,496.0,487.5,26.4,0.0,6.101904761904763,15.6,15.6,15.6,28.08857142857143,33.4,24.0,8.577142857142857,45.7,523.0,5653634.0,9.25068725708102e-05,6.5,31.1,78.8
2016.0,6.0,342.0,340.5,36.8,0.0,3.1485714285714286,22.6,31.8,31.8,27.791428571428572,34.5,21.5,8.188571428571429,45.4,419.0,5653634.0,7.411162448789574e-05,6.5,31.1,78.8
2016.0,7.0,394.0,353.0,85.4,0.0,11.365714285714288,21.8,31.2,41.8,27.72,34.9,23.3,8.374285714285715,43.2,589.0,5653634.0,0.00010418078000804438,6.5,31.1,78.8
2016.0,8.0,459.0,444.0,71.8,0.0,3.1371428571428566,24.4,44.6,55.4,28.125714285714288,34.8,23.3,9.474285714285717,51.8,507.0,5653634.0,8.9676834404208e-05,6.5,31.1,78.8
2016.0,9.0,371.0,352.0,55.8,0.0,3.782857142857142,35.8,44.0,55.6,28.577142857142853,34.6,23.4,9.577142857142855,45.4,411.0,5653634.0,7.269660540459464e-05,8.0,33.1,74.7
2016.0,10.0,310.0,285.0,25.6,0.0,2.8685714285714288,15.2,20.8,25.4,28.834285714285716,35.4,24.3,7.414285714285714,42.8,394.0,5653634.0,6.968968985257978e-05,8.0,33.1,74.7
2016.0,11.0,299.0,266.0,28.8,0.0,1.1828571428571428,19.6,21.0,27.8,29.017142857142854,35.7,24.7,7.251428571428572,43.2,372.0,5653634.0,6.579838737350172e-05,8.0,33.1,74.7
2016.0,12.0,259.0,254.0,11.0,0.0,1.0742857142857145,9.8,10.8,11.0,29.228571428571435,35.3,25.3,7.122857142857143,41.8,301.0,5653634.0,5.3240093009204354e-05,8.0,33.1,74.7
2016.0,13.0,236.0,223.5,39.6,0.0,3.0742857142857143,26.0,30.6,35.8,29.44,35.6,24.7,8.368571428571428,40.3,376.0,5653634.0,6.650589691515227e-05,7.0,33.4,75.6
2016.0,14.0,245.0,233.5,37.2,0.0,5.1428571428571415,30.2,37.0,37.2,29.037142857142854,35.8,23.7,6.005714285714285,35.6,289.0,5653634.0,5.1117564384252676e-05,7.0,33.4,75.6
2016.0,15.0,182.0,177.0,29.2,0.0,4.897142857142859,23.6,25.6,29.2,29.65142857142857,35.8,23.8,5.817142857142858,63.7,221.0,5653634.0,3.9089902176193226e-05,7.0,33.4,75.6
2016.0,16.0,130.0,126.5,81.2,0.0,7.0914285714285725,50.4,66.4,79.8,29.534285714285716,36.0,24.5,5.779999999999999,45.7,228.0,5653634.0,4.03280438740817e-05,7.0,33.4,75.6
2016.0,17.0,167.0,142.5,36.8,0.0,6.371428571428571,26.6,29.6,30.6,29.063809523809518,35.2,24.0,4.814285714285714,67.0,242.0,5653634.0,4.2804327269858646e-05,7.0,33.4,75.6
2016.0,18.0,146.0,142.5,54.2,0.0,4.68,24.6,42.8,51.6,29.942857142857147,35.9,23.7,5.282857142857141,39.6,178.0,5653634.0,3.1484174603449746e-05,6.2,33.0,77.4
2016.0,19.0,129.0,115.0,59.0,0.0,8.051428571428572,35.0,48.0,56.4,28.853142857142853,35.3,23.5,5.2114285714285735,46.8,215.0,5653634.0,3.802863786371739e-05,6.2,33.0,77.4
2016.0,20.0,178.0,154.0,55.6,0.0,10.651428571428571,40.8,51.4,53.6,28.814285714285717,34.5,22.4,5.977142857142858,64.4,211.0,5653634.0,3.732112832206683e-05,6.2,33.0,77.4
2016.0,21.0,123.0,121.0,56.2,0.0,6.8742857142857146,28.0,46.2,56.0,29.282857142857146,34.9,23.9,5.960000000000001,49.7,198.0,5653634.0,3.5021722311702525e-05,6.2,33.0,77.4
2016.0,22.0,117.0,109.0,32.6,0.0,4.017142857142857,16.4,19.0,26.6,28.31942857142857,34.6,22.8,5.488571428571429,54.0,214.0,5653634.0,3.7851760478304746e-05,5.4,31.6,77.7
2016.0,23.0,117.0,103.0,39.8,0.0,2.5714285714285707,17.6,29.8,39.4,28.98,34.9,22.2,5.788571428571428,66.2,157.0,5653634.0,2.7769749509784333e-05,5.4,31.6,77.7
2016.0,24.0,98.0,95.5,208.2,0.0,11.6,41.6,73.6,94.4,28.23857142857143,34.7,23.6,6.177142857142857,45.0,192.0,5653634.0,3.396045799922669e-05,5.4,31.6,77.7
2016.0,25.0,110.0,95.5,67.8,0.0,7.445714285714287,43.8,52.4,56.8,28.446285714285718,34.3,22.4,5.894285714285713,64.4,213.0,5653634.0,3.7674883092892105e-05,5.4,31.6,77.7
2016.0,26.0,138.0,134.5,24.0,0.0,1.6057142857142856,18.2,21.6,22.8,29.557142857142853,35.6,23.1,6.477142857142858,40.0,234.0,5653634.0,4.138930818655753e-05,6.3,31.7,77.3
2016.0,27.0,152.0,134.0,42.4,0.0,3.211428571428572,35.8,42.2,42.2,29.232142857142854,35.2,22.2,6.6171428571428565,53.3,245.0,5653634.0,4.3334959426096555e-05,6.3,31.7,77.3
2016.0,28.0,172.0,171.5,35.6,0.0,6.594285714285713,22.2,26.8,30.2,28.26,34.5,22.1,6.274285714285713,73.4,223.0,5653634.0,3.94436569470185e-05,6.3,31.7,77.3
2016.0,29.0,125.0,121.5,91.6,0.0,13.4,33.6,39.8,53.8,27.62,33.9,22.5,6.7200000000000015,45.0,266.0,5653634.0,4.704938451976198e-05,6.3,31.7,77.3
2016.0,30.0,162.0,144.5,28.2,0.0,4.1085714285714285,24.4,26.4,26.4,28.291428571428572,33.9,21.2,6.494285714285714,65.5,219.0,5653634.0,3.873614740536793e-05,6.3,31.7,77.3
2016.0,31.0,136.0,133.5,35.8,0.0,4.045714285714285,34.0,34.4,35.4,28.771428571428572,34.0,22.1,7.2142857142857135,65.2,209.0,5653634.0,3.696737355124156e-05,6.7,31.8,74.0
2016.0,32.0,117.0,115.0,29.2,0.0,2.3657142857142857,21.8,29.2,29.2,29.185714285714283,34.2,23.8,6.748571428571429,68.4,196.0,5653634.0,3.466796754087725e-05,6.7,31.8,74.0
2016.0,33.0,125.0,115.5,30.6,0.0,4.851428571428571,23.2,29.8,30.6,29.02857142857143,34.4,22.3,7.751428571428572,59.0,219.0,5653634.0,3.873614740536793e-05,6.7,31.8,74.0
2016.0,34.0,166.0,148.0,48.4,0.0,5.119999999999999,22.4,35.0,46.2,28.951428571428572,33.8,22.4,7.3428571428571425,49.0,271.0,5653634.0,4.793377144682517e-05,6.7,31.8,74.0
2016.0,35.0,176.0,155.0,34.2,0.0,4.308571428571428,28.2,34.2,34.2,28.497142857142855,34.5,23.5,6.565714285714287,44.6,308.0,5653634.0,5.447823470709282e-05,5.5,32.0,73.9
2016.0,36.0,169.0,162.5,19.4,0.0,3.8571428571428577,18.8,19.2,19.4,28.448571428571434,35.8,22.8,7.751428571428572,62.3,238.0,5653634.0,4.209681772820809e-05,5.5,32.0,73.9
2016.0,37.0,129.0,122.5,69.6,0.0,9.88,40.2,53.0,56.4,28.13142857142857,33.8,22.1,7.014285714285713,64.1,174.0,5653634.0,3.077666506179919e-05,5.5,32.0,73.9
2016.0,38.0,112.0,106.5,47.2,0.0,3.7285714285714286,30.2,45.2,46.4,28.822857142857146,34.6,23.6,8.175238095238095,55.4,173.0,5653634.0,3.059978767638655e-05,5.5,32.0,73.9
2016.0,39.0,77.0,71.0,19.6,0.0,1.0742857142857145,13.8,18.6,19.4,29.02,35.2,22.8,7.628571428571428,43.6,135.0,5653634.0,2.3878447030706273e-05,5.5,32.0,73.9
2016.0,40.0,59.0,52.5,75.4,0.0,10.760000000000002,53.4,73.8,75.4,27.92285714285714,33.4,21.6,7.122857142857143,51.1,124.0,5653634.0,2.193279579116724e-05,4.6,32.1,72.0
2016.0,41.0,52.0,50.0,37.6,0.0,5.239999999999998,26.2,29.4,30.8,29.18857142857143,34.6,22.2,9.157142857142855,60.8,94.0,5653634.0,1.6626474228788068e-05,4.6,32.1,72.0
2016.0,42.0,42.0,42.0,36.4,0.0,4.742857142857141,20.2,33.6,36.4,28.57142857142857,34.4,22.4,7.23142857142857,72.7,106.0,5653634.0,1.8749002853739736e-05,4.6,32.1,72.0
2016.0,43.0,37.0,34.5,49.8,0.0,10.428571428571429,24.8,29.0,31.4,27.145714285714284,33.6,22.7,7.0285714285714285,51.1,81.0,5653634.0,1.432706821842376e-05,4.6,32.1,72.0
2016.0,44.0,28.0,24.5,35.0,0.0,7.377142857142857,18.8,23.0,25.0,27.75714285714286,33.6,22.8,7.505714285714285,63.7,85.0,5653634.0,1.5034577760074316e-05,3.5,30.7,77.6
2016.0,45.0,20.0,18.0,64.4,0.0,5.782857142857143,24.4,45.2,50.8,27.611428571428572,34.3,23.3,7.085714285714286,55.4,82.0,5653634.0,1.4503945603836402e-05,3.5,30.7,77.6
2016.0,46.0,21.0,20.5,65.6,0.0,11.285714285714285,34.0,52.8,58.2,27.518095238095235,34.7,22.7,6.8571428571428585,53.3,71.0,5653634.0,1.2558294364297373e-05,3.5,30.7,77.6
2016.0,47.0,17.0,16.5,46.0,0.0,7.280000000000001,34.4,38.4,44.2,27.803999999999995,34.1,22.8,7.459999999999999,51.1,74.0,5653634.0,1.3088926520535287e-05,3.5,30.7,77.6
2016.0,48.0,35.0,24.5,45.4,0.0,6.8342857142857145,24.0,27.2,35.8,27.485714285714288,34.1,23.3,8.111428571428572,44.3,86.0,5653634.0,1.5211455145486954e-05,5.1,31.6,72.8
2016.0,49.0,30.0,29.0,33.4,0.0,4.947619047619047,31.8,32.8,33.4,27.87476190476191,34.7,23.0,7.958571428571429,50.8,59.0,5653634.0,1.0435765739345703e-05,5.1,31.6,72.8
2016.0,50.0,27.0,21.0,29.6,0.0,4.177142857142857,19.6,21.0,25.8,28.00000000000001,34.4,23.0,8.145714285714286,55.8,81.0,5653634.0,1.432706821842376e-05,5.1,31.6,72.8
2016.0,51.0,32.0,25.5,73.0,0.0,10.514285714285718,34.0,43.4,67.2,27.700571428571426,35.1,22.3,8.76,49.7,70.0,5653634.0,1.2381416978884732e-05,5.1,31.6,72.8
2016.0,52.0,35.0,26.0,53.5,0.0,5.413333333333332,32.5,46.0,52.5,26.880952380952376,33.5,22.8,8.927142857142858,47.9,64.0,5653634.0,1.1320152666408898e-05,5.1,31.6,72.8
2017.0,1.0,23.0,20.5,50.0,0.0,5.449285714285715,12.2,19.0,24.4,27.5725,34.5,22.8,7.698571428571428,45.4,70.0,5708041.0,1.226340175201965e-05,4.8,30.7,84.8
2017.0,2.0,33.0,26.5,26.4,0.0,4.765714285714285,23.4,24.0,25.0,28.005714285714284,34.3,21.8,7.957142857142857,49.7,90.0,5708041.0,1.5767230824025265e-05,4.8,30.7,84.8
2017.0,3.0,32.0,30.5,51.8,0.0,9.741428571428571,28.6,34.8,34.8,27.202857142857145,33.9,22.8,8.392857142857142,56.9,73.0,5708041.0,1.2788976112820492e-05,4.8,30.7,84.8
2017.0,4.0,43.0,34.0,97.6,0.0,12.9,44.0,61.0,70.2,26.325,32.9,22.8,9.165,55.1,63.0,5708041.0,1.1037061576817683e-05,4.8,30.7,84.8
2017.0,5.0,17.0,15.0,47.8,0.0,6.782857142857143,24.8,43.0,47.8,27.168571428571425,33.3,23.1,8.502857142857144,47.9,62.0,5708041.0,1.0861870123217405e-05,7.1,30.7,83.2
2017.0,6.0,23.0,18.0,53.2,0.0,5.908571428571428,25.2,42.6,47.4,27.134285714285717,33.6,23.5,9.840000000000002,67.3,77.0,5708041.0,1.3489741927221615e-05,7.1,30.7,83.2
2017.0,7.0,19.0,15.0,16.4,0.0,2.251428571428572,9.2,9.2,10.6,26.951428571428572,33.4,22.6,11.251428571428573,55.4,51.0,5708041.0,8.934764133614317e-06,7.1,30.7,83.2
2017.0,8.0,15.0,13.0,41.4,0.0,8.0,32.4,37.4,41.4,27.24571428571429,34.9,23.2,7.788571428571428,53.3,54.0,5708041.0,9.46033849441516e-06,7.1,30.7,83.2
2017.0,9.0,14.0,13.5,54.8,0.0,10.662857142857142,42.4,49.8,54.8,26.8,35.2,22.9,8.879999999999997,47.9,41.0,5708041.0,7.18284959761151e-06,6.1,31.1,82.5
2017.0,10.0,10.0,9.0,36.4,0.0,3.3428571428571434,20.2,32.8,36.4,27.242857142857147,33.2,23.7,8.131428571428572,68.8,32.0,5708041.0,5.6061265152089835e-06,6.1,31.1,82.5
2017.0,11.0,8.0,4.5,33.0,0.0,2.925714285714286,31.0,33.0,33.0,28.08571428571429,35.1,23.4,6.6228571428571446,37.4,34.0,5708041.0,5.956509422409545e-06,6.1,31.1,82.5
2017.0,12.0,1.0,1.0,47.8,0.0,5.411428571428572,34.0,45.6,47.6,28.154285714285717,35.2,23.6,7.545714285714285,53.6,32.0,5708041.0,5.6061265152089835e-06,6.1,31.1,82.5
2017.0,13.0,0.0,0.0,32.6,0.0,6.08,20.2,27.0,31.0,27.37666666666667,34.1,23.3,6.411428571428571,46.1,49.0,5708041.0,8.584381226413755e-06,5.3,31.8,83.5
2017.0,14.0,12.0,10.0,37.8,0.0,5.039999999999999,28.0,33.8,36.0,28.154285714285717,34.6,22.9,7.382857142857143,56.9,37.0,5708041.0,6.482083783210387e-06,5.3,31.8,83.5
2017.0,15.0,9.0,8.5,44.0,0.0,8.32,34.6,41.0,44.0,28.034285714285716,33.6,23.1,6.2,42.5,32.0,5708041.0,5.6061265152089835e-06,5.3,31.8,83.5
2017.0,16.0,7.0,7.0,102.0,0.0,13.738095238095234,60.4,90.8,98.8,28.17809523809523,34.4,23.0,6.318571428571428,49.7,51.0,5708041.0,8.934764133614317e-06,5.3,31.8,83.5
2017.0,17.0,8.0,7.0,42.8,0.0,6.09047619047619,28.2,39.4,42.2,27.947857142857146,34.8,22.8,6.754761904761906,50.8,37.0,5708041.0,6.482083783210387e-06,5.3,31.8,83.5
2017.0,18.0,4.0,3.5,35.2,0.0,6.682857142857142,23.4,27.0,30.0,28.510952380952386,33.4,23.6,5.9833333333333325,41.8,40.0,5708041.0,7.007658144011229e-06,5.9,31.4,82.8
2017.0,19.0,10.0,5.5,23.8,0.0,4.657142857142857,19.4,20.4,20.4,28.592857142857145,34.5,23.0,5.9678571428571425,42.8,48.0,5708041.0,8.409189772813475e-06,5.9,31.4,82.8
2017.0,20.0,11.0,10.5,27.2,0.0,3.755714285714286,23.4,26.6,27.2,29.30666666666667,34.6,24.1,7.1885714285714295,41.8,48.0,5708041.0,8.409189772813475e-06,5.9,31.4,82.8
2017.0,21.0,17.0,14.5,50.2,0.0,10.8,24.4,31.8,49.2,28.32857142857143,34.5,22.6,6.505714285714286,57.2,50.0,5708041.0,8.759572680014039e-06,5.9,31.4,82.8
2017.0,22.0,22.0,18.0,44.8,0.0,6.294857142857143,26.0,41.4,43.4,28.919142857142855,34.4,23.2,6.787857142857143,51.1,66.0,5708041.0,1.1562635937618527e-05,6.3,31.6,80.2
2017.0,23.0,25.0,24.5,99.6,0.0,4.19047619047619,65.2,92.0,99.6,29.260714285714286,34.4,23.8,6.9890476190476205,39.6,62.0,5708041.0,1.0861870123217405e-05,6.3,31.6,80.2
2017.0,24.0,21.0,19.0,31.2,0.0,5.51095238095238,27.4,30.2,31.0,28.57428571428572,34.4,23.2,6.323333333333332,47.5,78.0,5708041.0,1.3664933380821895e-05,6.3,31.6,80.2
2017.0,25.0,31.0,24.5,63.0,0.0,6.451428571428572,34.5,46.5,58.5,28.02190476190476,33.7,22.2,5.967142857142857,57.6,73.0,5708041.0,1.2788976112820492e-05,6.3,31.6,80.2
2017.0,26.0,35.0,31.66666666666667,25.8,0.0,6.251428571428571,23.4,25.6,25.6,28.312142857142852,33.5,23.2,5.798214285714287,36.0,75.0,5708041.0,1.3139359020021056e-05,7.0,31.0,79.6
2017.0,27.0,27.0,24.5,37.6,0.0,6.078095238095237,26.6,33.8,36.2,28.264,33.3,23.5,6.776190476190476,36.7,63.0,5708041.0,1.1037061576817683e-05,7.0,31.0,79.6
2017.0,28.0,22.0,18.0,48.0,0.0,7.9962857142857136,32.4,37.2,37.4,27.98971428571428,34.0,22.9,7.168000000000001,64.1,53.0,5708041.0,9.285147040814878e-06,7.0,31.0,79.6
2017.0,29.0,17.0,16.5,58.4,0.0,2.813333333333333,35.4,53.2,56.6,28.779999999999994,34.3,23.6,7.357142857142858,33.8,51.0,5708041.0,8.934764133614317e-06,7.0,31.0,79.6
2017.0,30.0,14.0,14.0,52.2,0.0,2.3765714285714283,36.0,42.2,47.4,29.041285714285717,34.5,22.7,8.169333333333334,66.6,65.0,5708041.0,1.1387444484018247e-05,7.0,31.0,79.6
2017.0,31.0,23.0,19.0,10.2,0.0,0.7285714285714285,6.6,7.8,10.0,29.27419047619048,34.4,25.2,8.206666666666667,44.3,60.0,5708041.0,1.0511487216016844e-05,6.1,31.0,79.9
2017.0,32.0,28.0,25.5,39.2,0.0,4.951428571428571,23.4,32.0,34.6,27.933809523809533,34.1,23.8,6.223809523809524,39.2,56.0,5708041.0,9.81072140161572e-06,6.1,31.0,79.9
2017.0,33.0,20.0,20.0,42.4,0.0,7.729999999999999,25.0,37.6,39.0,27.968000000000004,34.0,21.7,6.122857142857144,50.0,51.0,5708041.0,8.934764133614317e-06,6.1,31.0,79.9
2017.0,34.0,16.0,16.0,11.6,0.0,1.0685714285714285,11.2,11.6,11.6,28.47714285714286,33.9,23.6,6.911428571428571,41.8,51.0,5708041.0,8.934764133614317e-06,6.1,31.0,79.9
2017.0,35.0,23.0,17.0,16.6,0.0,2.3257142857142856,16.6,16.6,16.6,28.36857142857143,33.8,23.1,6.637142857142857,45.7,33.0,5708041.0,5.781317968809264e-06,5.7,31.2,81.0
2017.0,36.0,15.0,14.0,39.6,0.0,7.88,22.4,25.6,38.0,27.997142857142855,33.2,23.3,5.265714285714286,50.4,40.0,5708041.0,7.007658144011229e-06,5.7,31.2,81.0
2017.0,37.0,13.0,9.5,72.6,0.0,7.572857142857143,60.4,70.8,72.2,28.062857142857148,34.9,22.3,5.88,41.8,53.0,5708041.0,9.285147040814878e-06,5.7,31.2,81.0
2017.0,38.0,11.0,9.0,47.8,0.0,8.006857142857143,39.6,47.6,47.8,27.87619047619048,34.5,23.4,5.597142857142859,54.4,58.0,5708041.0,1.0161104308816282e-05,5.7,31.2,81.0
2017.0,39.0,9.0,6.5,78.6,0.0,6.595238095238094,49.6,72.6,78.0,28.307142857142853,35.2,22.9,5.134285714285714,72.4,39.0,5708041.0,6.832466690410949e-06,5.5,31.6,82.5
2017.0,40.0,16.0,9.5,45.8,0.0,5.234285714285714,37.4,45.2,45.6,27.640000000000004,34.6,22.8,5.074285714285714,39.6,51.0,5708041.0,8.934764133614317e-06,5.5,31.6,82.5
2017.0,41.0,21.0,21.0,92.8,0.0,10.114285714285717,32.2,47.0,47.8,28.17523809523809,35.0,23.0,5.797142857142857,55.1,55.0,5708041.0,9.63552994801544e-06,5.5,31.6,82.5
2017.0,42.0,18.0,16.333333333333332,93.0,0.0,6.6971428571428575,52.2,63.4,75.8,29.07714285714286,35.2,23.3,5.397142857142856,37.4,62.0,5708041.0,1.0861870123217405e-05,5.5,31.6,82.5
2017.0,43.0,29.0,29.0,21.6,0.0,3.2130952380952387,18.4,21.2,21.4,28.115476190476194,34.4,23.5,5.610714285714287,57.6,77.0,5708041.0,1.3489741927221615e-05,5.5,31.6,82.5
2017.0,44.0,24.0,21.5,56.8,0.0,6.984285714285715,35.0,47.6,52.4,27.648214285714282,33.2,22.9,5.682142857142857,54.7,62.0,5708041.0,1.0861870123217405e-05,4.2,30.8,86.3
2017.0,45.0,15.0,14.0,45.8,0.0,14.236904761904762,28.0,34.0,39.6,26.98154761904762,32.9,22.9,5.729761904761904,44.3,44.0,5708041.0,7.708423958412352e-06,4.2,30.8,86.3
2017.0,46.0,10.0,10.0,77.2,0.0,11.78,36.6,46.8,54.0,27.957142857142852,34.3,23.1,5.472380952380953,49.7,50.0,5708041.0,8.759572680014039e-06,4.2,30.8,86.3
2017.0,47.0,21.0,15.0,44.4,0.0,8.345714285714285,28.8,41.4,42.4,27.089285714285715,34.4,23.2,5.408571428571429,47.9,24.0,5708041.0,4.2045948864067366e-06,4.2,30.8,86.3
2017.0,48.0,11.0,8.0,42.4,0.0,3.4971428571428573,19.4,21.4,22.2,27.78,34.7,23.9,7.242857142857143,44.6,37.0,5708041.0,6.482083783210387e-06,5.6,30.8,85.2
2017.0,49.0,7.0,5.5,111.8,0.0,8.55642857142857,35.0,46.2,61.0,27.52642857142857,34.5,23.4,6.043571428571429,41.0,33.0,5708041.0,5.781317968809264e-06,5.6,30.8,85.2
2017.0,50.0,10.0,9.0,92.0,0.0,13.813333333333333,46.2,61.0,65.2,26.931428571428572,33.3,23.2,6.211428571428572,45.7,40.0,5708041.0,7.007658144011229e-06,5.6,30.8,85.2
2017.0,51.0,20.0,13.5,88.4,0.0,10.302857142857144,32.4,53.2,70.2,26.73142857142857,33.5,21.5,8.34,47.5,51.0,5708041.0,8.934764133614317e-06,5.6,30.8,85.2
2017.0,52.0,22.0,22.0,83.4,0.0,11.684285714285714,30.6,35.2,35.2,26.922857142857147,33.9,22.6,6.730714285714285,45.7,66.0,5708041.0,1.1562635937618527e-05,5.6,30.8,85.2
2018.0,1.0,53.0,33.5,56.8,0.0,9.194285714285718,38.2,54.0,56.0,26.52,33.2,21.8,5.220952380952381,36.0,83.0,5757499.0,1.4415981661481836e-05,4.1,29.8,86.6
2018.0,2.0,56.0,51.0,77.2,0.0,18.015238095238093,46.6,57.4,67.4,25.174857142857146,34.3,21.3,7.29552380952381,70.9,68.0,5757499.0,1.1810683770852588e-05,4.1,29.8,86.6
2018.0,3.0,47.0,42.0,29.8,0.0,3.165714285714286,25.8,27.4,27.4,26.77,33.5,22.4,7.211904761904763,36.7,54.0,5757499.0,9.379072406265289e-06,4.1,29.8,86.6
2018.0,4.0,25.0,24.0,66.2,0.0,8.225714285714286,33.8,33.8,39.6,27.21619047619048,33.8,23.2,6.28095238095238,41.0,45.0,5757499.0,7.815893671887742e-06,4.1,29.8,86.6
2018.0,5.0,20.0,18.0,40.8,0.0,4.0685714285714285,27.2,34.0,39.6,27.44742857142857,34.0,21.8,8.432571428571428,50.0,48.0,5757499.0,8.33695325001359e-06,8.0,31.2,77.2
2018.0,6.0,27.0,22.0,92.6,0.0,3.828571428571428,50.0,89.8,92.2,26.885714285714286,34.2,23.2,9.794285714285717,47.5,50.0,5757499.0,8.684326302097491e-06,8.0,31.2,77.2
2018.0,7.0,20.0,19.5,18.2,0.0,1.4971428571428569,10.0,14.8,17.6,27.488571428571426,33.8,23.6,8.457142857142857,50.8,28.0,5757499.0,4.863222729174595e-06,8.0,31.2,77.2
2018.0,8.0,9.0,6.0,5.8,0.0,0.36571428571428577,3.6,4.0,4.4,27.72285714285714,35.1,23.9,8.231428571428571,39.2,38.0,5757499.0,6.600087989594093e-06,8.0,31.2,77.2
2018.0,9.0,4.0,3.5,35.2,0.0,4.4,25.8,33.4,35.2,27.98619047619048,34.5,23.9,7.451428571428571,36.0,51.0,5757499.0,8.858012828139439e-06,6.4,32.4,78.4
2018.0,10.0,21.0,13.5,46.8,0.0,5.6,27.0,40.8,44.8,27.59142857142857,34.5,22.9,7.688571428571429,49.0,37.0,5757499.0,6.4264014635521426e-06,6.4,32.4,78.4
2018.0,11.0,14.0,12.5,22.0,0.0,2.0228571428571427,19.0,21.6,22.0,28.452380952380953,34.3,23.5,7.468571428571429,66.6,37.0,5757499.0,6.4264014635521426e-06,6.4,32.4,78.4
2018.0,12.0,16.0,14.0,30.8,0.0,3.1542857142857144,26.4,28.2,30.8,28.418857142857146,34.9,24.2,7.2,40.7,36.0,5757499.0,6.252714937510193e-06,6.4,32.4,78.4
2018.0,13.0,10.0,8.0,41.6,0.0,5.364761904761903,30.6,39.4,41.6,27.26642857142857,34.3,22.1,5.9611904761904775,49.0,24.0,5757499.0,4.168476625006795e-06,6.8,33.2,78.5
2018.0,14.0,22.0,16.0,41.4,0.0,4.1142857142857165,29.0,35.2,40.6,28.37085714285714,34.3,22.4,6.675714285714285,36.7,38.0,5757499.0,6.600087989594093e-06,6.8,33.2,78.5
2018.0,15.0,25.0,24.0,45.6,0.0,5.194285714285714,34.6,42.2,43.6,28.53142857142857,34.6,24.0,6.325714285714287,40.7,38.0,5757499.0,6.600087989594093e-06,6.8,33.2,78.5
2018.0,16.0,28.0,24.0,98.2,0.0,9.324761904761905,51.0,71.2,82.8,28.22142857142857,34.3,23.4,5.6279047619047615,39.6,56.0,5757499.0,9.72644545834919e-06,6.8,33.2,78.5
2018.0,17.0,39.0,33.0,60.6,0.0,8.14952380952381,25.2,40.2,55.6,28.264380952380954,35.0,22.6,5.052857142857143,43.6,55.0,5757499.0,9.55275893230724e-06,6.8,33.2,78.5
2018.0,18.0,56.0,45.5,23.2,0.0,4.6800000000000015,16.8,22.2,22.2,28.55428571428572,34.3,23.6,5.062857142857143,44.6,74.0,5757499.0,1.2852802927104289e-05,5.8,32.4,79.0
2018.0,19.0,42.0,42.0,43.2,0.0,4.8342857142857145,24.0,33.0,39.4,29.3,34.6,22.7,6.122857142857144,51.1,62.0,5757499.0,1.0768564614600888e-05,5.8,32.4,79.0
2018.0,20.0,29.0,27.0,51.8,0.0,7.794285714285714,38.0,45.2,51.4,28.44742857142857,34.3,23.1,4.666285714285714,37.8,63.0,5757499.0,1.0942251140642836e-05,5.8,32.4,79.0
2018.0,21.0,39.0,28.5,42.0,0.0,7.997714285714285,37.8,41.6,41.8,28.466857142857148,34.3,21.8,5.0820952380952376,49.3,64.0,5757499.0,1.1115937666684787e-05,5.8,32.4,79.0
2018.0,22.0,32.0,32.0,49.2,0.0,12.847142857142856,31.4,41.8,46.0,27.86,33.3,22.7,4.561190476190476,46.4,52.0,5757499.0,9.03169935418139e-06,4.1,31.3,79.3
2018.0,23.0,28.0,24.5,28.0,0.0,2.9485714285714284,16.2,19.6,23.6,29.157714285714288,35.0,22.5,5.845714285714285,48.2,75.0,5757499.0,1.3026489453146236e-05,4.1,31.3,79.3
2018.0,24.0,30.0,25.0,86.8,0.0,5.017142857142857,44.4,56.6,58.4,29.039047619047622,34.0,22.3,6.244761904761906,87.8,55.0,5757499.0,9.55275893230724e-06,4.1,31.3,79.3
2018.0,25.0,33.0,25.5,68.0,0.0,8.959047619047617,22.8,24.6,34.2,27.82809523809524,34.0,22.2,5.77,47.2,59.0,5757499.0,1.024750503647504e-05,4.1,31.3,79.3
2018.0,26.0,27.0,19.5,73.6,0.0,9.689142857142855,35.8,46.4,67.8,27.252142857142854,32.6,22.1,5.6491428571428575,52.6,75.0,5757499.0,1.3026489453146236e-05,6.1,31.3,77.7
2018.0,27.0,27.0,24.5,32.4,0.0,3.4371428571428573,19.4,28.4,32.2,28.55428571428572,33.4,23.0,6.517142857142857,48.6,56.0,5757499.0,9.72644545834919e-06,6.1,31.3,77.7
2018.0,28.0,24.0,19.0,27.2,0.0,4.677142857142857,19.2,23.6,26.6,28.240952380952386,34.0,21.6,6.814285714285713,51.1,44.0,5757499.0,7.642207145845792e-06,6.1,31.3,77.7
2018.0,29.0,16.0,14.5,27.2,0.0,2.8742857142857146,23.6,27.0,27.2,28.857142857142854,33.7,22.1,6.857142857142858,48.6,41.0,5757499.0,7.121147567719943e-06,6.1,31.3,77.7
2018.0,30.0,15.0,11.0,18.0,0.0,1.1828571428571428,15.4,17.6,17.8,29.207428571428572,34.3,23.5,7.486190476190478,41.0,56.0,5757499.0,9.72644545834919e-06,6.1,31.3,77.7
2018.0,31.0,17.0,15.0,75.4,0.0,4.611428571428571,21.8,25.2,39.0,28.06142857142857,33.6,23.3,6.520714285714287,50.4,50.0,5757499.0,8.684326302097491e-06,6.7,31.7,77.0
2018.0,32.0,24.0,17.5,20.2,0.0,1.3942857142857141,16.0,17.0,20.2,28.5,34.1,21.9,6.925714285714285,58.7,59.0,5757499.0,1.024750503647504e-05,6.7,31.7,77.0
2018.0,33.0,21.0,19.5,25.6,0.0,3.5142857142857147,17.4,20.4,25.0,28.814285714285717,34.3,22.1,8.222857142857142,40.3,42.0,5757499.0,7.294834093761891e-06,6.7,31.7,77.0
2018.0,34.0,25.0,23.0,41.6,0.0,5.537142857142858,33.4,35.4,35.6,28.424,34.6,22.5,6.7285714285714295,43.2,66.0,5757499.0,1.1463310718768688e-05,6.7,31.7,77.0
2018.0,35.0,40.0,32.5,60.6,0.0,4.6171428571428565,42.6,57.8,59.4,28.09257142857143,34.9,21.4,6.1651428571428575,45.0,75.0,5757499.0,1.3026489453146236e-05,6.0,31.2,77.1
2018.0,36.0,37.0,32.5,47.0,0.0,11.95,37.0,42.0,46.2,27.701428571428572,34.0,21.8,5.65,83.5,75.0,5757499.0,1.3026489453146236e-05,6.0,31.2,77.1
2018.0,37.0,41.0,35.5,7.4,0.0,0.9657142857142856,7.2,7.2,7.4,28.530285714285718,34.1,23.8,6.468571428571428,41.8,49.0,5757499.0,8.510639776055541e-06,6.0,31.2,77.1
2018.0,38.0,30.0,27.0,101.6,0.0,11.708571428571426,60.4,88.0,98.6,27.397142857142853,33.6,21.4,5.994285714285715,54.7,63.0,5757499.0,1.0942251140642836e-05,6.0,31.2,77.1
2018.0,39.0,35.0,31.5,5.4,0.0,0.32761904761904764,4.0,4.8,5.4,29.142857142857146,34.9,22.9,7.0685714285714285,45.4,40.0,5757499.0,6.947461041677992e-06,6.1,31.9,79.7
2018.0,40.0,20.0,20.0,64.2,0.0,6.822857142857143,39.8,59.4,64.2,28.940000000000005,35.6,22.9,6.974285714285713,60.5,51.0,5757499.0,8.858012828139439e-06,6.1,31.9,79.7
2018.0,41.0,21.0,19.0,60.6,0.0,17.06095238095238,34.6,47.4,56.2,26.690476190476193,33.5,22.5,5.5338095238095235,44.6,51.0,5757499.0,8.858012828139439e-06,6.1,31.9,79.7
2018.0,42.0,29.0,26.0,12.8,0.0,2.7828571428571425,9.4,12.0,12.2,27.91866666666667,34.6,23.3,6.26047619047619,59.4,60.0,5757499.0,1.0421191562516987e-05,6.1,31.9,79.7
2018.0,43.0,32.0,27.0,69.2,0.0,8.558095238095238,38.2,63.2,69.0,27.74619047619048,34.5,22.4,5.4209523809523805,55.8,78.0,5757499.0,1.3547549031272085e-05,6.1,31.9,79.7
2018.0,44.0,45.0,42.0,58.2,0.0,9.434285714285718,25.0,31.4,32.8,27.33857142857143,34.3,22.6,5.741714285714287,63.0,74.0,5757499.0,1.2852802927104289e-05,3.8,31.0,83.2
2018.0,45.0,38.0,38.0,62.8,0.0,9.960952380952381,33.8,46.6,58.2,27.442857142857147,34.0,23.3,5.88047619047619,51.1,71.0,5757499.0,1.2331743348978435e-05,3.8,31.0,83.2
2018.0,46.0,51.0,51.0,65.0,0.0,10.774285714285712,40.0,48.8,64.6,27.30809523809524,33.2,22.1,5.254761904761905,55.4,78.0,5757499.0,1.3547549031272085e-05,3.8,31.0,83.2
2018.0,47.0,65.0,57.5,110.8,0.0,12.749714285714285,31.6,42.8,64.4,27.337142857142855,33.8,22.6,6.209142857142857,48.6,97.0,5757499.0,1.684759302606913e-05,3.8,31.0,83.2
2018.0,48.0,61.0,57.0,47.6,0.0,10.68,27.8,43.8,46.0,27.53142857142857,34.2,22.9,6.751428571428571,47.2,109.0,5757499.0,1.8931831338572532e-05,5.1,31.6,81.5
2018.0,49.0,47.0,46.5,37.4,0.0,5.945714285714287,27.4,33.2,34.0,27.67178571428572,34.7,23.3,5.805357142857143,52.6,113.0,5757499.0,1.962657744274033e-05,5.1,31.6,81.5
2018.0,50.0,53.0,53.0,62.2,0.0,8.696380952380952,30.4,46.8,58.0,27.27323809523809,34.0,23.7,6.566095238095237,48.6,107.0,5757499.0,1.858445828648863e-05,5.1,31.6,81.5
2018.0,51.0,72.0,59.0,44.6,0.0,4.135238095238096,39.4,43.4,44.6,28.11485714285714,34.0,22.9,7.288095238095237,46.4,127.0,5757499.0,2.2058188807327626e-05,5.1,31.6,81.5
2018.0,52.0,98.0,83.33333333333333,49.2,0.0,5.88047619047619,21.4,28.4,33.0,28.26773809523809,34.5,23.3,7.964761904761906,60.8,160.0,5757499.0,2.7789844166711967e-05,5.1,31.6,81.5
2019.0,1.0,121.0,121.0,37.4,0.0,1.856190476190476,35.8,37.4,37.4,28.705476190476194,34.5,24.0,9.506095238095238,47.2,205.0,5804337.0,3.5318417934727085e-05,7.1,31.7,75.6
2019.0,2.0,199.0,164.0,31.2,0.0,2.4857142857142858,27.0,29.2,31.2,28.26857142857143,34.4,24.3,9.842857142857145,39.6,245.0,5804337.0,4.220981655613725e-05,7.1,31.7,75.6
2019.0,3.0,223.0,206.5,47.2,0.0,6.948571428571429,26.6,42.2,47.2,27.72095238095239,34.6,23.0,8.742857142857144,66.2,215.0,5804337.0,3.7041267590079625e-05,7.1,31.7,75.6
2019.0,4.0,199.0,182.5,9.2,0.0,0.4228571428571428,7.8,8.0,9.0,27.893809523809523,34.5,23.5,10.692380952380953,47.5,221.0,5804337.0,3.807497738329115e-05,7.1,31.7,75.6
2019.0,5.0,191.0,191.0,33.2,0.0,3.6914285714285717,32.2,33.2,33.2,27.961607142857147,33.7,24.3,10.01095238095238,44.3,179.0,5804337.0,3.083900883081048e-05,9.2,32.8,74.1
2019.0,6.0,,,31.2,0.0,1.2971428571428572,18.6,28.6,31.2,28.326857142857136,34.2,23.8,9.399047619047616,47.9,135.0,5804337.0,2.3258470347259302e-05,9.2,32.8,74.1
2019.0,7.0,,,45.0,0.0,3.572380952380952,40.0,41.0,43.2,28.36,35.0,23.0,9.904761904761905,45.4,232.0,5804337.0,3.997011200417895e-05,9.2,32.8,74.1
2019.0,8.0,,,14.0,0.0,1.8857142857142857,12.2,13.6,14.0,28.31714285714286,34.9,21.9,8.597714285714286,50.8,181.0,5804337.0,3.1183578761880987e-05,9.2,32.8,74.1
2019.0,9.0,,,40.0,0.0,2.097142857142857,18.8,24.0,35.4,28.53642857142857,35.3,22.9,10.053571428571429,44.6,156.0,5804337.0,2.6876454623499635e-05,8.3,33.5,72.3
2019.0,10.0,,,33.8,0.0,2.5042857142857136,23.4,31.2,33.2,28.72,35.0,22.2,7.780714285714287,48.6,133.0,5804337.0,2.2913900416188793e-05,8.3,33.5,72.3
2019.0,11.0,,,66.0,0.0,3.88,48.6,62.2,65.2,28.557142857142853,34.9,21.6,8.17142857142857,49.3,109.0,5804337.0,1.877906124334269e-05,8.3,33.5,72.3
2019.0,12.0,,,72.2,0.0,4.531428571428573,29.0,43.6,65.0,28.86857142857143,35.0,23.1,7.7371428571428575,43.2,96.0,5804337.0,1.653935669138439e-05,8.3,33.5,72.3
2019.0,13.0,,,62.6,0.0,9.165333333333333,50.2,60.2,62.4,29.088,35.5,21.5,7.215428571428572,53.3,99.0,5804337.0,1.7056211587990154e-05,5.9,32.7,77.6
2019.0,14.0,84.0,84.0,62.8,0.0,8.407428571428571,36.4,54.0,58.6,28.35666666666668,35.6,22.6,6.885142857142857,64.1,108.0,5804337.0,1.860677627780744e-05,5.9,32.7,77.6
2019.0,15.0,66.0,66.0,31.2,0.0,1.942857142857143,29.4,30.6,30.6,28.875,34.6,23.6,6.380714285714286,41.0,125.0,5804337.0,2.153562069190676e-05,5.9,32.7,77.6
2019.0,16.0,103.0,103.0,42.8,0.0,3.893333333333333,19.8,21.2,21.6,29.51,35.1,23.2,6.575238095238094,45.0,134.0,5804337.0,2.308618538172405e-05,5.9,32.7,77.6
2019.0,17.0,91.0,91.0,59.8,0.0,10.095238095238095,30.6,41.4,50.8,28.330714285714286,35.1,23.7,5.9505952380952385,47.5,156.0,5804337.0,2.6876454623499635e-05,5.9,32.7,77.6
2019.0,18.0,121.0,101.5,18.6,0.0,2.2362857142857147,18.0,18.4,18.6,28.951428571428572,34.7,24.0,6.945,46.4,192.0,5804337.0,3.307871338276878e-05,7.0,32.7,79.2
2019.0,19.0,232.0,232.0,98.4,0.0,9.994285714285716,52.6,60.6,61.6,29.231523809523807,34.7,22.7,6.818095238095237,61.6,287.0,5804337.0,4.944578510861792e-05,7.0,32.7,79.2
2019.0,20.0,346.0,346.0,61.8,0.0,7.482761904761905,41.0,57.2,61.8,28.23857142857143,33.3,22.8,6.73952380952381,47.5,307.0,5804337.0,5.2891484419323e-05,7.0,32.7,79.2
2019.0,21.0,371.0,371.0,29.4,0.0,2.552380952380952,17.6,21.6,22.8,29.17,34.5,24.2,7.061904761904763,36.7,376.0,5804337.0,6.477914704125553e-05,7.0,32.7,79.2
2019.0,22.0,322.0,322.0,54.4,0.0,7.042857142857143,31.4,39.2,47.4,28.86523809523809,34.5,22.9,7.187142857142858,48.2,400.0,5804337.0,6.891398621410163e-05,5.3,31.3,79.5
2019.0,23.0,464.0,415.5,37.6,0.0,4.4595238095238106,15.2,18.6,28.6,28.287857142857145,33.4,24.2,6.763095238095237,37.8,400.0,5804337.0,6.891398621410163e-05,5.3,31.3,79.5
2019.0,24.0,458.0,458.0,34.4,0.0,4.732380952380952,20.6,26.6,26.6,28.99409523809524,34.2,23.4,7.710857142857143,38.2,464.0,5804337.0,7.994022400835791e-05,5.3,31.3,79.5
2019.0,25.0,467.0,467.0,74.8,0.0,8.533333333333333,40.6,56.6,66.8,28.172857142857147,33.7,22.7,7.116428571428571,57.6,430.0,5804337.0,7.408253518015925e-05,5.3,31.3,79.5
2019.0,26.0,574.0,574.0,18.4,0.0,2.244190476190476,15.2,16.2,16.8,28.798571428571428,33.8,23.9,8.550857142857144,50.4,497.0,5804337.0,8.562562787102127e-05,7.5,32.1,75.2
2019.0,27.0,615.0,558.5,10.8,0.0,0.8614285714285714,9.4,9.8,10.2,29.135619047619052,33.9,23.5,8.595238095238095,42.8,591.0,5804337.0,0.00010182041463133515,7.5,32.1,75.2
2019.0,28.0,777.0,777.0,15.2,0.0,1.5733333333333337,13.6,14.6,14.8,29.132142857142853,33.9,22.8,8.790952380952383,88.2,661.0,5804337.0,0.00011388036221880293,7.5,32.1,75.2
2019.0,29.0,935.0,935.0,9.8,0.0,0.8742857142857143,8.8,9.6,9.8,29.016571428571428,33.9,23.0,9.133333333333336,46.8,644.0,5804337.0,0.00011095151780470362,7.5,32.1,75.2
2019.0,30.0,727.0,727.0,20.6,0.0,1.6171428571428574,20.2,20.2,20.4,28.91142857142857,33.9,23.8,8.42,39.2,605.0,5804337.0,0.00010423240414882873,7.5,32.1,75.2
2019.0,31.0,729.0,729.0,0.0,0.0,0.0,0.0,0.0,0.0,29.56114285714286,34.2,25.2,9.45142857142857,47.2,597.0,5804337.0,0.00010285412442454668,7.6,32.7,72.1
2019.0,32.0,668.0,668.0,30.5,0.0,1.2257142857142855,11.0,21.0,30.0,28.981904761904758,33.4,23.3,9.82,46.4,521.0,5804337.0,8.976046704386737e-05,7.6,32.7,72.1
2019.0,33.0,656.0,656.0,27.0,0.0,1.2342857142857144,14.0,22.5,26.5,29.505714285714287,34.5,23.7,9.977142857142855,42.5,522.0,5804337.0,8.993275200940263e-05,7.6,32.7,72.1
2019.0,34.0,,,6.2,0.0,0.2857142857142857,5.0,6.0,6.0,29.32742857142857,34.8,24.5,9.991428571428571,44.3,474.0,5804337.0,8.166307366371042e-05,7.6,32.7,72.1
2019.0,35.0,573.0,573.0,19.8,0.0,1.6866666666666668,11.6,14.6,14.6,28.433142857142855,34.0,23.1,8.925238095238095,54.4,412.0,5804337.0,7.098140580052467e-05,6.7,33.0,73.0
2019.0,36.0,405.0,405.0,82.5,0.0,4.843809523809524,35.5,49.5,64.5,29.07714285714286,34.5,21.1,10.042380952380952,44.3,326.0,5804337.0,5.6164898764492835e-05,6.7,33.0,73.0
2019.0,37.0,360.0,360.0,43.5,0.0,1.8657142857142848,25.0,26.5,26.5,28.550476190476193,34.4,21.1,9.22,42.5,314.0,5804337.0,5.409747917806978e-05,6.7,33.0,73.0
2019.0,38.0,329.0,329.0,40.5,0.0,2.06,31.0,40.0,40.5,28.653142857142853,34.0,21.5,10.002857142857145,46.1,299.0,5804337.0,5.151320469504097e-05,6.7,33.0,73.0
2019.0,39.0,299.0,299.0,39.8,0.0,5.743809523809524,14.6,23.6,28.2,28.15357142857143,34.9,22.8,8.284285714285714,47.2,258.0,5804337.0,4.444952110809555e-05,6.5,32.7,78.1
2019.0,40.0,218.0,218.0,53.6,0.0,5.7942857142857145,24.8,29.8,30.2,27.523571428571433,34.2,22.5,7.7995238095238095,60.5,243.0,5804337.0,4.1865246625066736e-05,6.5,32.7,78.1
2019.0,41.0,204.0,204.0,27.0,0.0,4.702857142857143,19.5,23.0,27.0,27.998857142857148,34.5,22.6,7.2628571428571425,47.5,226.0,5804337.0,3.893640221096742e-05,6.5,32.7,78.1
2019.0,42.0,195.0,195.0,19.0,0.0,1.942857142857143,14.4,18.6,19.0,28.534285714285716,34.8,22.5,7.437142857142858,48.6,239.0,5804337.0,4.117610676292572e-05,6.5,32.7,78.1
