Year,Week,weather station,Max cases with onset in last 2 weeks,Average cases with onset in last 2 weeks,Min cases with onset in last 2 weeks,Max Daily Rainfall Total (mm),Min Daily Rainfall Total (mm),Average Daily Rainfall Total (mm),Highest 30 Min Rainfall (mm),Highest 60 Min Rainfall (mm),Highest 120 Min Rainfall (mm),Mean Temperature (°C),Maximum Temperature (°C),Minimum Temperature (°C),Mean Wind Speed (km/h),Max Wind Speed (km/h),Max PSI West,Avg PSI West
2014,1,Tuas South,7.0,7.0,7.0,57.6,0.0,15.039999999999996,30.6,42.2,52.0,26.579999999999995,32.0,23.3,6.339999999999999,72.4,,
2014,2,Tuas South,34.0,22.0,10.0,21.2,0.0,4.857142857142857,5.0,6.8,9.6,26.642857142857146,31.7,23.2,6.7,66.2,,
2014,3,Tuas South,26.0,26.0,26.0,0.0,0.0,0.0,0.0,0.0,0.0,26.58571428571429,30.9,23.8,8.142857142857142,28.1,,
2014,4,Tuas South,14.0,13.5,13.0,0.0,0.0,0.0,0.0,0.0,0.0,26.185714285714287,30.5,23.4,8.299999999999999,27.7,,
2014,5,Tuas South,8.0,7.0,6.0,0.0,0.0,0.0,0.0,0.0,0.0,26.742857142857147,32.7,23.1,8.471428571428572,30.2,,
2014,6,Tuas South,5.0,4.5,4.0,0.0,0.0,0.0,0.0,0.0,0.0,27.114285714285717,32.2,23.7,7.7,25.9,,
2014,7,Tuas South,15.0,11.0,6.0,50.4,0.0,8.057142857142857,26.0,36.8,49.2,27.614285714285717,33.6,21.7,7.457142857142857,36.0,,
2014,8,Tuas South,12.0,11.333333333333336,11.0,0.0,0.0,0.0,0.0,0.0,0.0,28.1,33.6,25.0,7.7142857142857135,33.5,,
2014,9,Tuas South,9.0,5.333333333333333,1.0,0.0,0.0,0.0,0.0,0.0,0.0,27.814285714285717,33.9,24.0,7.4,27.7,,
2014,10,Tuas South,4.0,2.5,1.0,0.0,0.0,0.0,0.0,0.0,0.0,28.07142857142857,33.4,24.2,7.228571428571428,27.0,,
2014,11,Tuas South,5.0,3.333333333333333,1.0,20.6,0.0,2.9428571428571435,8.4,13.0,16.2,28.37142857142857,34.3,24.4,7.485714285714287,32.8,,
2014,12,Tuas South,6.0,5.0,4.0,57.4,0.0,15.685714285714285,30.8,42.0,45.4,27.042857142857148,34.5,23.6,5.799999999999999,38.2,,
2014,13,Tuas South,0.0,0.0,0.0,6.6,0.0,1.7428571428571429,6.2,6.6,6.6,28.7,34.0,25.5,5.757142857142857,25.9,,
2014,14,Tuas South,3.0,1.5,0.0,23.2,0.0,4.742857142857143,12.0,14.6,17.2,28.414285714285718,34.2,24.2,6.2285714285714295,37.8,,
2014,15,Tuas South,4.0,3.0,2.0,10.8,0.0,2.914285714285714,10.6,10.6,10.8,28.228571428571428,33.2,24.3,6.814285714285715,32.8,,
2014,16,Tuas South,5.0,2.5,0.0,0.8,0.0,0.2285714285714286,0.8,0.8,0.8,28.52857142857143,33.0,25.6,5.585714285714286,37.8,,
2014,17,Tuas South,2.0,0.6666666666666666,0.0,18.2,0.0,4.914285714285714,18.0,18.2,18.2,28.157142857142862,32.1,25.2,5.571428571428571,42.8,,
2014,18,Tuas South,3.0,3.0,3.0,6.8,0.0,1.342857142857143,4.4,5.6,6.4,29.057142857142853,33.5,25.3,5.842857142857143,61.2,,
2014,19,Tuas South,8.0,4.0,0.0,3.0,0.0,0.9428571428571428,2.4,3.0,3.0,28.9,33.1,25.4,5.014285714285714,31.0,,
2014,20,Tuas South,9.0,4.5,0.0,66.8,0.0,12.057142857142859,33.4,50.0,64.8,28.6,32.0,24.0,6.914285714285714,44.3,,
2014,21,Tuas South,14.0,13.0,12.0,29.6,0.0,6.9142857142857155,17.4,25.6,28.0,28.4,32.9,23.3,5.357142857142857,30.2,,
2014,22,Tuas South,7.0,4.5,2.0,19.0,0.0,7.885714285714287,12.4,16.8,16.8,28.62857142857143,32.4,24.7,7.257142857142857,34.6,,
2014,23,Tuas South,2.0,1.0,0.0,18.0,0.0,4.514285714285714,6.0,6.0,10.2,28.8,33.0,24.5,5.957142857142857,49.7,,
2014,24,Tuas South,5.0,3.5,2.0,25.2,0.0,6.828571428571428,20.2,23.2,24.0,29.642857142857146,33.5,23.7,6.571428571428571,88.6,,
2014,25,Tuas South,6.0,4.0,2.0,23.4,0.0,3.6857142857142855,13.0,18.6,22.6,30.114285714285717,33.3,23.7,7.185714285714285,52.2,,
2014,26,Tuas South,6.0,3.0,0.0,25.2,0.0,6.7714285714285705,21.0,23.6,25.0,29.057142857142853,32.7,24.1,6.928571428571429,53.3,,
2014,27,Tuas South,8.0,5.0,2.0,35.0,0.0,9.514285714285714,24.4,31.8,34.8,28.642857142857146,31.9,23.6,6.357142857142856,69.1,,
2014,28,Tuas South,15.0,12.5,10.0,21.6,0.0,5.514285714285713,16.2,19.0,19.2,28.6,32.6,23.8,7.2857142857142865,52.2,,
2014,29,Tuas South,15.0,10.5,6.0,22.4,0.0,3.2,22.0,22.2,22.2,29.514285714285712,33.2,22.3,5.771428571428572,56.5,,
2014,30,Tuas South,5.0,5.0,5.0,2.2,0.0,0.31428571428571433,1.2,2.2,2.2,29.8,33.6,23.4,6.042857142857143,41.8,,
2014,31,Tuas South,5.0,4.0,3.0,24.8,0.0,8.657142857142857,22.4,22.8,22.8,28.542857142857148,31.9,23.0,6.8428571428571425,46.1,,
2014,32,Tuas South,14.0,10.0,6.0,12.6,0.0,3.1428571428571432,8.0,9.4,10.8,28.228571428571428,32.2,23.3,7.385714285714285,45.4,,
2014,33,Tuas South,9.0,5.5,2.0,45.4,0.0,7.885714285714285,18.0,23.2,23.4,27.7,31.6,23.9,6.242857142857143,36.0,,
2014,34,Tuas South,8.0,7.0,6.0,6.0,0.0,0.9714285714285714,3.6,5.2,6.0,28.41428571428571,32.7,25.2,5.342857142857143,38.2,,
2014,35,Tuas South,7.0,4.0,1.0,18.2,0.0,3.8571428571428568,10.2,11.4,13.8,27.57142857142857,32.2,23.7,5.7714285714285705,53.3,,
2014,36,Tuas South,8.0,7.0,6.0,4.6,0.0,0.6857142857142857,3.0,3.6,4.6,28.314285714285717,33.2,23.5,6.628571428571428,49.0,,
2014,37,Tuas South,8.0,5.0,2.0,32.8,0.0,4.799999999999999,25.4,30.2,32.6,28.800000000000004,32.4,22.9,6.228571428571428,42.1,,
2014,38,Tuas South,3.0,2.5,2.0,13.6,0.0,2.914285714285714,7.6,7.8,12.6,28.885714285714286,32.9,25.2,6.128571428571428,69.5,,
2014,39,Tuas South,12.0,7.5,3.0,15.8,0.0,3.1428571428571432,9.8,10.2,10.2,28.942857142857147,33.1,24.6,5.285714285714287,28.8,,
2014,40,Tuas South,22.0,15.5,9.0,0.8,0.0,0.1142857142857143,0.8,0.8,0.8,29.071428571428577,33.1,24.7,6.200000000000001,38.2,,
2014,41,Tuas South,20.0,18.5,17.0,0.2,0.0,0.028571428571428574,0.2,0.2,0.2,29.40000000000001,33.3,25.8,5.442857142857144,32.0,,
2014,42,Tuas South,17.0,14.5,12.0,10.6,0.0,3.457142857142857,9.8,10.2,10.2,28.057142857142853,32.2,24.1,5.157142857142857,28.8,,
2014,43,Tuas South,10.0,9.0,8.0,69.8,0.0,10.4,31.2,56.2,60.0,28.385714285714283,33.2,22.9,4.814285714285714,24.8,,
2014,44,Tuas South,4.0,4.0,4.0,7.4,0.0,1.8857142857142857,7.2,7.2,7.2,28.785714285714285,33.6,25.6,6.085714285714286,47.2,,
2014,45,Tuas South,1.0,0.5,0.0,31.4,0.0,7.857142857142858,19.6,25.8,27.0,28.47142857142857,33.8,24.4,6.742857142857143,44.3,,
2014,46,Tuas South,1.0,0.5,0.0,25.4,0.0,5.971428571428571,22.8,25.4,25.4,27.314285714285717,31.5,23.5,5.857142857142858,43.2,,
2014,47,Tuas South,1.0,1.0,1.0,50.0,0.0,10.342857142857145,46.4,47.8,48.0,27.28571428571429,32.2,23.9,4.985714285714286,25.6,,
2014,48,Tuas South,3.0,2.0,1.0,25.0,0.0,7.171428571428572,24.0,25.0,25.0,27.542857142857148,32.3,23.3,6.0857142857142845,35.6,,
2014,49,Tuas South,5.0,4.0,3.0,58.4,0.0,14.399999999999995,19.0,29.6,32.6,27.657142857142855,32.5,22.8,6.5,58.3,,
2014,50,Tuas South,2.0,1.5,1.0,38.6,0.0,9.828571428571427,28.2,29.6,30.6,27.771428571428572,32.9,24.7,5.585714285714286,34.9,,
2014,51,Tuas South,4.0,3.5,3.0,57.4,0.0,11.542857142857144,36.8,51.0,57.4,26.92857142857143,32.8,23.2,6.0,35.6,,
2014,52,Tuas South,2.0,1.0,0.0,14.6,0.0,3.4199999999999995,6.2,7.4,10.2,26.3,30.6,24.0,7.250000000000003,44.3,,
2015,1,Tuas South,1.0,1.0,1.0,0.2,0.0,0.1,0.2,0.2,0.2,27.275,31.8,24.8,7.025,25.2,,
2015,2,Tuas South,12.0,10.5,9.0,22.6,0.0,4.628571428571429,12.2,13.0,13.2,26.74285714285714,32.1,23.6,7.142857142857144,29.2,,
2015,3,Tuas South,9.0,7.5,6.0,0.2,0.0,0.028571428571428574,0.2,0.2,0.2,27.728571428571428,32.6,24.5,7.985714285714287,25.6,,
2015,4,Tuas South,4.0,3.5,3.0,22.4,0.0,5.942857142857143,19.0,22.4,22.4,27.08571428571429,32.2,24.0,7.014285714285713,27.7,,
2015,5,Tuas South,6.0,4.5,3.0,1.2,0.0,0.2857142857142857,1.2,1.2,1.2,27.228571428571428,31.9,24.2,6.785714285714287,32.0,,
2015,6,Tuas South,10.0,7.0,4.0,29.4,0.0,4.942857142857143,10.4,13.8,24.2,26.428571428571423,31.1,23.7,7.014285714285713,28.4,,
2015,7,Tuas South,6.0,5.0,4.0,0.0,0.0,0.0,0.0,0.0,0.0,27.4,31.9,24.2,6.9750000000000005,28.1,,
2015,8,Tuas South,1.0,1.0,1.0,26.4,0.0,7.228571428571428,10.8,12.4,21.4,27.6,33.5,23.6,6.842857142857143,46.8,,
2015,9,Tuas South,2.0,1.0,0.0,1.6,0.0,0.3428571428571429,1.2,1.4,1.6,28.085714285714282,35.2,22.1,6.028571428571429,29.5,,
2015,10,Tuas South,4.0,3.0,2.0,16.2,0.0,2.3142857142857136,7.2,13.6,16.2,28.07142857142857,33.7,22.7,6.357142857142856,44.3,,
2015,11,Tuas South,5.0,2.5,0.0,84.2,0.0,19.914285714285715,39.0,64.6,70.8,27.3,34.1,22.6,6.314285714285715,45.7,,
2015,12,Tuas South,2.0,1.0,0.0,5.4,0.0,0.7714285714285715,2.8,5.0,5.4,28.57142857142857,32.7,25.1,4.528571428571428,25.6,,
2015,13,Tuas South,2.0,1.5,1.0,17.2,0.0,4.371428571428572,17.2,17.2,17.2,28.6,34.8,24.1,5.2142857142857135,37.4,,
2015,14,Tuas South,2.0,1.0,0.0,33.0,0.0,10.6,26.2,28.0,28.2,27.814285714285717,33.5,23.7,5.342857142857143,36.4,,
2015,15,Tuas South,2.0,1.5,1.0,30.4,0.0,4.571428571428571,28.6,30.4,30.4,28.642857142857146,34.2,24.0,4.814285714285714,34.6,,
2015,16,Tuas South,1.0,0.5,0.0,48.8,0.0,10.542857142857144,22.0,35.0,48.4,28.9,34.1,22.8,4.628571428571427,37.4,,
2015,17,Tuas South,0.0,0.0,0.0,22.0,0.0,10.828571428571427,21.4,21.6,21.6,27.92857142857143,32.3,24.1,5.985714285714287,37.1,,
2015,18,Tuas South,0.0,0.0,0.0,45.6,0.0,6.857142857142858,23.2,33.2,37.6,28.157142857142855,32.2,25.1,6.257142857142857,42.8,,
2015,19,Tuas South,2.0,2.0,2.0,0.4,0.0,0.05714285714285715,0.2,0.2,0.2,29.228571428571428,33.6,26.2,5.7714285714285705,28.1,,
2015,20,Tuas South,3.0,3.0,3.0,2.8,0.0,0.6571428571428571,2.8,2.8,2.8,29.40000000000001,34.4,26.2,4.757142857142859,27.7,,
2015,21,Tuas South,2.0,1.0,0.0,18.4,0.0,4.314285714285714,10.2,15.8,18.2,29.014285714285712,33.4,25.4,5.357142857142857,39.2,,
2015,22,Tuas South,0.0,0.0,0.0,1.8,0.0,0.4,1.8,1.8,1.8,29.614285714285717,34.2,26.4,5.428571428571428,28.8,,
2015,23,Tuas South,2.0,1.0,0.0,7.0,0.0,1.5142857142857142,6.4,6.6,6.8,29.1,34.3,25.7,5.999999999999999,31.0,,
2015,24,Tuas South,6.0,5.0,4.0,27.4,0.0,6.228571428571428,10.8,17.8,22.4,28.271428571428572,32.7,24.8,7.3428571428571425,40.7,,
2015,25,Tuas South,6.0,6.0,6.0,12.6,0.0,1.8,11.2,11.8,11.8,29.17142857142857,32.7,23.2,5.857142857142858,32.8,,
2015,26,Tuas South,3.0,1.5,0.0,1.0,0.0,0.14285714285714285,1.0,1.0,1.0,30.142857142857146,33.1,28.0,5.6571428571428575,49.3,,
2015,27,Tuas South,7.0,5.0,3.0,16.6,0.0,4.371428571428572,11.8,15.2,16.4,29.271428571428572,33.5,23.4,5.671428571428572,51.1,,
2015,28,Tuas South,6.0,5.0,4.0,23.0,0.0,5.771428571428572,21.8,23.0,23.0,29.585714285714282,32.5,24.4,6.242857142857143,45.0,,
2015,29,Tuas South,2.0,1.0,0.0,16.4,0.0,2.3714285714285706,15.6,15.6,15.6,29.457142857142852,32.7,25.0,7.242857142857143,39.2,,
2015,30,Tuas South,1.0,0.5,0.0,0.6,0.0,0.14285714285714285,0.6,0.6,0.6,29.614285714285717,33.8,26.6,5.114285714285715,35.3,,
2015,31,Tuas South,7.0,7.0,7.0,17.4,0.0,2.7428571428571438,12.2,15.4,16.4,28.628571428571423,33.0,24.8,4.985714285714286,53.6,,
2015,32,Tuas South,3.0,3.0,3.0,62.4,0.0,20.65714285714285,32.8,41.6,51.0,27.714285714285715,32.1,22.6,5.2,48.6,,
2015,33,Tuas South,5.0,5.0,5.0,4.6,0.0,0.7714285714285714,4.0,4.2,4.4,28.814285714285717,33.1,25.2,4.357142857142858,26.3,,
2015,34,Tuas South,3.0,3.0,3.0,20.4,0.0,2.914285714285714,11.6,16.4,17.4,29.142857142857146,32.4,25.0,5.071428571428571,30.6,,
2015,35,Tuas South,3.0,3.0,3.0,2.6,0.0,0.4,2.0,2.0,2.6,29.2,33.2,25.2,4.5,43.6,,
2015,36,Tuas South,4.0,4.0,4.0,64.0,0.0,9.142857142857142,59.4,62.6,64.0,29.357142857142854,32.8,22.7,5.428571428571429,31.3,,
2015,37,Tuas South,3.0,3.0,3.0,14.2,0.0,2.0285714285714285,9.2,13.0,14.2,28.57142857142857,32.3,24.5,5.542857142857144,56.9,,
2015,38,Tuas South,2.0,2.0,2.0,93.0,0.0,16.34285714285714,39.0,66.2,91.8,28.57142857142857,33.3,23.8,3.885714285714286,32.4,,
2015,39,Tuas South,,,,10.4,0.0,1.4857142857142858,8.2,10.0,10.2,28.785714285714285,32.0,24.7,5.771428571428572,35.3,,
2015,40,Tuas South,4.0,4.0,4.0,84.2,0.0,15.142857142857142,55.8,78.8,83.0,28.37142857142857,32.3,23.5,5.285714285714286,50.4,,
2015,41,Tuas South,4.0,4.0,4.0,30.2,0.0,5.6571428571428575,13.6,23.0,24.4,28.52857142857143,32.5,24.5,4.342857142857143,31.3,,
2015,42,Tuas South,3.0,3.0,3.0,0.6,0.0,0.17142857142857146,0.6,0.6,0.6,29.457142857142852,32.9,27.0,4.414285714285714,22.7,,
2015,43,Tuas South,,,,8.6,0.0,1.2285714285714284,3.0,5.6,5.8,29.457142857142852,32.9,26.6,4.6714285714285735,25.9,,
2015,44,Tuas South,13.0,7.5,2.0,18.8,0.0,7.333333333333332,14.8,15.8,16.2,27.516666666666666,31.8,22.8,5.166666666666667,28.1,,
2015,45,Tuas South,8.0,8.0,8.0,22.8,0.0,4.885714285714285,12.8,22.4,22.6,28.000000000000004,32.1,24.0,6.4,36.0,,
2015,46,Tuas South,4.0,4.0,4.0,13.0,0.0,3.9428571428571435,12.4,12.8,12.8,27.857142857142854,31.8,24.6,4.628571428571427,56.9,,
2015,47,Tuas South,0.0,0.0,0.0,44.0,0.0,14.428571428571427,25.2,36.4,41.8,27.614285714285717,33.5,23.6,5.3,47.5,,
2015,48,Tuas South,4.0,4.0,4.0,24.2,0.0,11.0,14.2,20.6,22.4,27.58571428571429,33.3,24.2,5.685714285714285,54.0,,
2015,49,Tuas South,2.0,1.5,1.0,31.2,2.6,12.428571428571427,21.6,26.2,28.0,27.585714285714282,32.9,23.9,4.985714285714286,32.8,,
2015,50,Tuas South,,,,41.6,0.0,15.142857142857142,32.6,33.2,39.6,27.45714285714286,33.2,23.9,5.528571428571429,69.8,,
2015,51,Tuas South,4.0,4.0,4.0,13.6,0.0,2.4857142857142853,13.2,13.2,13.2,27.75714285714286,32.8,24.7,6.142857142857142,33.8,,
2015,52,Tuas South,11.0,11.0,11.0,31.6,0.0,6.114285714285713,24.8,30.0,31.2,28.342857142857145,33.9,23.6,5.5285714285714285,55.4,,
2015,53,Tuas South,8.0,5.5,3.0,42.4,0.0,16.8,13.6,17.6,27.2,27.3,32.7,24.5,6.025,30.6,,
2016,1,Tuas South,13.0,10.0,7.0,19.0,0.0,4.06,11.0,11.6,17.2,27.8,34.1,24.2,4.929999999999999,56.5,,
2016,2,Tuas South,21.0,16.5,12.0,43.0,0.0,12.571428571428573,27.2,32.8,37.2,27.95714285714286,32.6,24.5,4.114285714285715,37.4,,
2016,3,Tuas South,35.0,28.5,22.0,22.6,0.2,9.885714285714286,13.4,13.4,20.0,28.114285714285717,33.5,24.9,5.528571428571429,37.1,,
2016,4,Tuas South,34.0,31.0,28.0,31.8,0.0,11.971428571428573,28.4,29.4,31.4,27.857142857142854,33.2,24.2,5.6000000000000005,38.5,,
2016,5,Tuas South,25.0,22.5,20.0,15.6,0.0,6.428571428571429,13.0,14.0,14.0,28.142857142857146,33.3,24.8,6.928571428571429,36.4,34.0,34.0
2016,6,Tuas South,21.0,20.0,19.0,36.8,0.0,6.828571428571428,22.6,31.8,31.8,27.514285714285712,32.7,23.7,5.7,43.6,60.0,42.52592592592593
2016,7,Tuas South,24.0,20.0,16.0,69.0,0.0,16.342857142857145,21.2,25.2,36.4,27.428571428571434,33.4,23.4,6.014285714285713,33.1,56.0,43.198717948717956
2016,8,Tuas South,26.0,25.5,25.0,4.2,0.0,0.8285714285714286,1.6,2.2,3.6,28.1,33.4,25.3,6.942857142857144,32.0,52.0,47.92913385826772
2016,9,Tuas South,25.0,21.5,18.0,55.8,0.0,8.314285714285713,24.0,42.8,55.6,28.52857142857142,33.2,24.2,6.571428571428571,32.4,53.0,47.70192307692307
2016,10,Tuas South,20.0,17.5,15.0,12.2,0.0,3.3714285714285714,8.0,10.6,12.2,28.45714285714286,33.5,25.0,4.628571428571427,25.9,52.0,44.62121212121213
2016,11,Tuas South,12.0,10.5,9.0,6.6,0.0,0.9428571428571428,3.4,4.0,5.8,29.157142857142862,34.0,26.0,4.942857142857143,43.2,67.0,57.0875
2016,12,Tuas South,5.0,4.5,4.0,11.0,0.0,1.5714285714285714,9.8,10.8,11.0,29.37142857142857,34.4,25.3,6.085714285714286,35.3,70.0,61.544871794871796
2016,13,Tuas South,2.0,1.5,1.0,1.6,0.0,0.4857142857142858,1.4,1.6,1.6,29.67142857142857,35.6,26.7,5.514285714285713,25.6,75.0,63.65161290322581
2016,14,Tuas South,10.0,6.0,2.0,10.4,0.0,2.514285714285714,10.4,10.4,10.4,29.342857142857145,33.9,26.3,4.271428571428571,32.8,62.0,58.06896551724138
2016,15,Tuas South,9.0,7.5,6.0,22.0,0.0,3.2285714285714286,9.0,15.0,15.4,29.942857142857147,33.9,23.8,6.685714285714285,63.7,69.0,59.230769230769226
2016,16,Tuas South,2.0,1.0,0.0,23.2,0.0,5.457142857142856,15.4,19.0,23.0,29.742857142857147,35.6,25.2,4.5285714285714285,29.2,69.0,59.94656488549618
2016,17,Tuas South,2.0,1.0,0.0,15.8,0.0,3.2,10.4,15.4,15.8,29.53333333333333,33.3,25.0,5.128571428571427,34.6,71.0,64.05882352941177
2016,18,Tuas South,0.0,0.0,0.0,54.2,0.0,13.057142857142859,24.6,42.8,51.6,30.7,33.7,23.7,4.042857142857144,38.2,61.0,55.3860759493671
2016,19,Tuas South,3.0,2.5,2.0,8.2,1.0,4.057142857142857,6.6,8.2,8.2,28.98,34.3,25.8,5.185714285714285,28.8,62.0,53.403726708074544
2016,20,Tuas South,1.0,0.5,0.0,26.2,0.0,6.285714285714287,18.0,19.2,19.4,29.342857142857145,33.0,24.6,6.685714285714285,46.4,70.0,49.6125
2016,21,Tuas South,2.0,1.0,0.0,22.4,0.0,3.314285714285714,21.0,22.2,22.2,30.1,34.4,25.1,6.7857142857142865,49.7,55.0,42.610687022900755
2016,22,Tuas South,2.0,1.5,1.0,21.8,0.0,3.171428571428572,10.6,16.6,20.8,28.84,32.2,25.2,5.471428571428573,54.0,66.0,61.23958333333334
2016,23,Tuas South,0.0,0.0,0.0,2.4,0.0,0.6285714285714287,0.8,1.2,1.8,28.2,33.4,24.9,6.171428571428572,66.2,62.0,54.480769230769226
2016,24,Tuas South,2.0,2.0,2.0,208.2,0.0,32.17142857142857,41.6,73.6,94.4,27.85,31.2,24.0,6.585714285714286,45.0,55.0,41.929936305732475
2016,25,Tuas South,2.0,1.0,0.0,29.2,0.0,4.314285714285714,12.0,19.2,23.8,28.96,32.6,23.5,5.614285714285713,64.4,56.0,48.79738562091503
2016,26,Tuas South,0.0,0.0,0.0,0.0,0.0,0.0,0.0,0.0,0.0,30.6,33.9,27.8,5.457142857142856,22.3,62.0,50.70860927152318
2016,27,Tuas South,0.0,0.0,0.0,35.0,0.0,5.142857142857143,14.8,23.2,30.4,,34.1,24.0,5.228571428571428,42.5,55.0,48.55974842767296
2016,28,Tuas South,0.0,0.0,0.0,35.6,0.0,18.54285714285714,22.2,26.8,30.2,28.228571428571428,33.5,23.6,5.799999999999999,52.6,60.0,50.940740740740736
2016,29,Tuas South,0.0,0.0,0.0,53.0,0.4,13.542857142857144,26.6,29.0,29.2,27.67142857142857,31.6,23.9,6.757142857142857,42.1,56.0,44.358974358974365
2016,30,Tuas South,0.0,0.0,0.0,23.8,0.0,4.0285714285714285,16.8,22.6,23.0,28.214285714285715,31.6,23.8,5.242857142857143,54.4,62.0,52.59285714285714
2016,31,Tuas South,4.0,2.0,0.0,35.8,0.0,5.514285714285713,34.0,34.4,35.4,28.92857142857143,32.6,23.9,6.928571428571429,64.8,61.0,53.73717948717949
2016,32,Tuas South,7.0,7.0,7.0,9.8,0.0,2.2,9.8,9.8,9.8,29.47142857142857,32.3,25.9,7.042857142857144,38.5,64.0,56.74509803921568
2016,33,Tuas South,2.0,1.0,0.0,18.6,0.0,5.114285714285714,15.4,16.6,16.8,29.37142857142857,32.9,23.0,6.371428571428572,59.0,58.0,46.230769230769226
2016,34,Tuas South,9.0,6.5,4.0,48.4,0.0,6.914285714285714,22.4,35.0,46.2,29.514285714285712,32.6,25.2,8.685714285714285,38.9,143.0,66.94267515923566
2016,35,Tuas South,13.0,10.0,7.0,23.4,0.0,5.4,7.6,13.4,14.0,28.52857142857143,33.1,25.1,5.2,36.7,85.0,59.1
2016,36,Tuas South,13.0,10.5,8.0,19.4,0.0,4.714285714285714,18.8,19.2,19.4,28.485714285714288,32.5,24.0,8.028571428571428,55.1,69.0,53.85161290322581
2016,37,Tuas South,7.0,5.5,4.0,20.4,0.0,7.228571428571428,15.8,19.6,20.2,28.52857142857143,32.8,24.0,7.2857142857142865,64.1,58.0,46.32911392405064
2016,38,Tuas South,3.0,3.0,3.0,12.8,0.0,1.9142857142857144,7.6,8.2,8.2,29.08571428571429,32.2,24.8,9.414285714285716,55.4,59.0,45.47222222222222
2016,39,Tuas South,6.0,4.5,3.0,5.4,0.0,1.0857142857142859,4.4,5.4,5.4,29.228571428571428,33.1,25.3,7.414285714285714,40.7,68.0,56.092198581560275
2016,40,Tuas South,5.0,3.5,2.0,33.2,0.0,8.942857142857143,23.8,31.2,31.8,28.4,31.7,23.8,7.257142857142857,46.1,73.0,58.25185185185185
2016,41,Tuas South,3.0,2.5,2.0,37.6,0.0,6.485714285714287,18.0,20.4,20.4,29.67142857142857,32.8,23.9,12.4,60.8,60.0,43.962732919254655
2016,42,Tuas South,3.0,1.5,0.0,27.4,0.0,5.2,20.2,25.0,25.8,28.928571428571434,32.8,23.7,7.057142857142857,72.7,59.0,43.84076433121018
2016,43,Tuas South,0.0,0.0,0.0,30.0,0.2,7.371428571428572,24.0,26.4,27.4,27.557142857142853,30.8,23.0,6.9,39.6,64.0,52.3375
2016,44,Tuas South,0.0,0.0,0.0,30.8,3.4,8.742857142857144,18.8,18.8,19.6,28.0,31.1,23.7,8.028571428571428,50.4,46.0,35.86335403726708
2016,45,Tuas South,0.0,0.0,0.0,3.8,0.0,1.257142857142857,3.8,3.8,3.8,27.857142857142854,31.8,25.1,5.928571428571428,37.8,60.0,46.52201257861636
2016,46,Tuas South,2.0,1.0,0.0,17.4,0.0,6.685714285714285,14.4,17.4,17.4,27.814285714285717,32.3,24.0,5.757142857142857,53.3,68.0,45.855345911949684
2016,47,Tuas South,4.0,2.5,1.0,46.0,0.0,12.514285714285714,29.6,38.4,44.2,27.92857142857143,31.6,24.3,6.571428571428571,45.4,64.0,43.6583850931677
2016,48,Tuas South,4.0,2.5,1.0,45.4,0.0,7.371428571428572,24.0,24.4,35.8,27.614285714285717,32.9,23.9,7.114285714285715,40.0,55.0,27.10897435897436
2016,49,Tuas South,1.0,0.5,0.0,17.2,0.0,2.9142857142857146,14.4,16.0,16.6,28.442857142857147,33.0,24.4,6.2142857142857135,50.8,60.0,45.65734265734265
2016,50,Tuas South,0.0,0.0,0.0,10.2,0.0,1.457142857142857,4.6,6.2,6.4,28.385714285714286,32.4,24.3,7.1571428571428575,55.8,63.0,52.84507042253521
2016,51,Tuas South,0.0,0.0,0.0,2.6,0.0,0.7714285714285715,0.8,1.0,1.8,27.885714285714283,33.3,25.2,7.7285714285714295,44.6,49.0,32.753731343283576
2016,52,Tuas South,0.0,0.0,0.0,11.6,0.0,3.4333333333333336,10.2,10.2,10.6,27.1,32.0,24.4,6.25,35.6,55.0,33.14754098360656
2017,1,Tuas South,0.0,0.0,0.0,22.4,0.0,6.35,11.0,13.2,15.2,27.9875,32.5,24.1,5.25,40.3,53.0,35.07534246575342
2017,2,Tuas South,0.0,0.0,0.0,1.0,0.0,0.14285714285714285,1.0,1.0,1.0,28.74285714285714,32.9,25.8,6.885714285714287,32.8,56.0,51.40559440559441
2017,3,Tuas South,1.0,0.5,0.0,34.8,0.0,8.142857142857142,28.6,34.8,34.8,27.40000000000001,32.2,23.0,6.885714285714285,41.4,54.0,42.98742138364779
2017,4,Tuas South,2.0,1.0,0.0,61.6,0.0,11.142857142857142,13.6,18.6,32.6,26.385714285714286,31.9,23.5,6.357142857142858,32.0,51.0,28.57142857142857
2017,5,Tuas South,2.0,1.0,0.0,30.8,0.0,4.6571428571428575,20.2,30.2,30.8,27.585714285714282,31.5,23.5,6.999999999999999,33.5,54.0,39.5
2017,6,Tuas South,3.0,2.5,2.0,15.8,0.0,3.971428571428572,10.0,10.6,12.2,27.7,33.0,24.5,7.257142857142859,31.3,57.0,44.85611510791367
2017,7,Tuas South,2.0,1.0,0.0,5.6,0.0,1.7428571428571429,3.2,3.2,3.2,27.157142857142855,32.3,23.5,6.542857142857143,30.6,52.0,40.408
2017,8,Tuas South,2.0,1.0,0.0,32.6,2.6,13.62857142857143,19.0,25.6,32.4,26.9,32.4,23.2,4.8285714285714265,42.1,57.0,42.39622641509434
2017,9,Tuas South,0.0,0.0,0.0,22.8,0.0,9.628571428571428,12.2,15.4,22.4,26.342857142857145,32.1,23.2,4.985714285714286,33.1,56.0,38.4472049689441
2017,10,Tuas South,0.0,0.0,0.0,8.4,0.0,2.1142857142857143,5.0,6.0,7.0,27.442857142857147,32.3,23.7,5.185714285714285,41.8,58.0,53.2111801242236
2017,11,Tuas South,0.0,0.0,0.0,29.6,0.0,4.228571428571429,22.2,27.2,29.4,28.1,32.3,23.7,5.0,33.5,69.0,58.275
2017,12,Tuas South,0.0,0.0,0.0,9.2,0.0,2.9714285714285715,9.0,9.0,9.0,28.285714285714285,32.9,25.3,5.971428571428572,37.1,70.0,49.69078947368421
2017,13,Tuas South,,,,2.6,0.0,0.6857142857142857,1.4,2.0,2.6,27.642857142857146,31.7,25.2,5.142857142857143,38.9,61.0,44.322981366459636
2017,14,Tuas South,0.0,0.0,0.0,23.0,0.0,5.514285714285713,18.6,22.0,23.0,28.514285714285712,32.4,24.6,7.614285714285715,56.9,47.0,35.23423423423424
2017,15,Tuas South,0.0,0.0,0.0,37.6,0.0,11.771428571428574,34.6,37.0,37.4,27.942857142857147,32.2,23.9,4.828571428571427,42.5,60.0,51.57894736842106
2017,16,Tuas South,0.0,0.0,0.0,102.0,0.0,23.228571428571428,60.4,90.8,98.8,28.057142857142853,32.9,23.5,5.414285714285714,49.7,63.0,53.46202531645571
2017,17,Tuas South,0.0,0.0,0.0,9.2,0.0,2.5428571428571423,6.4,7.2,8.0,28.0,32.4,24.5,6.585714285714286,36.4,70.0,52.0
2017,18,Tuas South,0.0,0.0,0.0,26.6,0.0,10.228571428571428,22.8,26.0,26.4,28.457142857142852,32.1,24.5,5.257142857142857,41.8,63.0,54.18633540372671
2017,19,Tuas South,2.0,1.0,0.0,23.8,0.0,8.314285714285715,19.4,20.4,20.4,28.742857142857147,32.3,24.8,6.271428571428572,34.9,54.0,37.34782608695652
2017,20,Tuas South,2.0,1.5,1.0,12.4,0.0,4.25,12.4,12.4,12.4,29.5,32.8,25.8,6.1000000000000005,38.2,53.0,44.433121019108285
2017,21,Tuas South,1.0,1.0,1.0,50.2,0.0,14.571428571428573,24.0,31.4,49.2,28.442857142857147,32.4,22.6,4.842857142857143,53.3,61.0,49.01438848920864
2017,22,Tuas South,3.0,1.5,0.0,25.6,0.0,4.742857142857143,21.0,23.4,24.4,29.56,33.1,26.0,7.914285714285714,45.0,51.0,38.98136645962733
2017,23,Tuas South,4.0,3.5,3.0,99.6,0.0,16.599999999999998,65.2,92.0,99.6,29.975,33.1,24.2,5.566666666666666,39.6,56.0,49.32258064516129
2017,24,Tuas South,3.0,3.0,3.0,15.8,0.0,6.433333333333334,11.4,12.4,15.6,29.1,32.6,24.5,5.766666666666668,47.5,73.0,48.625
2017,25,Tuas South,6.0,4.0,2.0,3.6,0.0,1.0285714285714287,3.0,3.0,3.2,28.7,31.7,23.9,6.871428571428572,52.9,64.0,46.802547770700635
2017,26,Tuas South,9.0,7.333333333333332,6.0,1.6,0.0,0.4,0.6,1.2,1.6,28.575,32.8,25.0,4.85,36.0,60.0,46.931677018633536
2017,27,Tuas South,7.0,3.5,0.0,37.6,0.0,14.9,26.6,33.8,36.2,28.02,31.3,23.9,7.0166666666666675,33.1,52.0,39.93788819875776
2017,28,Tuas South,2.0,1.0,0.0,24.4,0.0,8.16,13.2,17.8,19.2,27.92,31.6,23.6,7.3400000000000025,37.4,58.0,43.56521739130435
2017,29,Tuas South,1.0,0.5,0.0,0.0,0.0,0.0,0.0,0.0,0.0,29.2,32.4,27.2,5.6571428571428575,29.9,60.0,50.72049689440993
2017,30,Tuas South,0.0,0.0,0.0,0.6,0.0,0.08571428571428573,0.6,0.6,0.6,29.62857142857143,32.4,27.4,6.371428571428572,32.8,65.0,55.484276729559745
2017,31,Tuas South,2.0,1.0,0.0,1.0,0.0,0.2285714285714286,1.0,1.0,1.0,29.714285714285715,32.7,26.5,6.571428571428571,35.3,57.0,45.409937888198755
2017,32,Tuas South,0.0,0.0,0.0,39.2,0.0,8.0,23.4,32.0,34.6,28.08333333333333,32.0,24.2,7.033333333333334,31.0,56.0,38.857142857142854
2017,33,Tuas South,0.0,0.0,0.0,42.4,0.0,7.457142857142856,18.4,22.0,22.2,28.04000000000001,32.4,21.7,4.857142857142857,50.0,57.0,45.08074534161491
2017,34,Tuas South,0.0,0.0,0.0,0.2,0.0,0.05714285714285715,0.2,0.2,0.2,28.885714285714283,32.2,25.6,6.528571428571429,40.3,55.0,40.92546583850932
2017,35,Tuas South,0.0,0.0,0.0,0.0,0.0,0.0,0.0,0.0,0.0,28.985714285714288,33.1,25.1,5.257142857142857,30.2,63.0,52.26086956521739
2017,36,Tuas South,0.0,0.0,0.0,39.6,0.0,14.485714285714286,17.4,25.6,38.0,28.228571428571428,31.7,23.9,5.457142857142856,47.2,62.0,51.80124223602485
2017,37,Tuas South,0.0,0.0,0.0,26.6,0.0,7.7142857142857135,15.8,22.8,26.6,28.228571428571428,32.7,23.5,6.014285714285713,37.1,80.0,58.409937888198755
2017,38,Tuas South,2.0,2.0,2.0,47.8,0.0,12.085714285714285,39.6,47.6,47.8,27.97142857142857,32.2,23.7,6.442857142857143,54.4,58.0,45.375
2017,39,Tuas South,1.0,0.5,0.0,78.6,0.0,12.685714285714285,49.6,72.6,78.0,28.08571428571429,32.0,23.7,5.971428571428571,72.4,67.0,53.44099378881987
2017,40,Tuas South,1.0,0.5,0.0,19.4,0.0,4.514285714285714,6.4,8.2,13.6,27.8,31.7,23.8,6.171428571428571,37.1,65.0,51.99378881987578
2017,41,Tuas South,0.0,0.0,0.0,92.8,0.0,14.914285714285713,32.2,47.0,47.8,28.414285714285718,32.2,23.6,7.257142857142857,38.5,59.0,38.795031055900616
2017,42,Tuas South,1.0,0.3333333333333333,0.0,2.2,0.0,0.31428571428571433,2.2,2.2,2.2,29.828571428571426,33.6,25.7,5.814285714285713,37.4,73.0,60.8695652173913
2017,43,Tuas South,0.0,0.0,0.0,1.6,0.0,0.2857142857142857,1.0,1.0,1.6,28.585714285714282,32.4,26.4,6.385714285714287,29.2,75.0,58.627329192546576
2017,44,Tuas South,0.0,0.0,0.0,12.8,0.6,4.885714285714286,7.6,8.6,11.8,27.742857142857147,31.9,24.3,6.128571428571428,43.6,61.0,41.90683229813665
2017,45,Tuas South,0.0,0.0,0.0,24.8,0.0,6.828571428571429,13.6,13.8,17.0,27.542857142857148,30.8,24.3,6.928571428571428,41.0,51.0,38.627329192546576
2017,46,Tuas South,0.0,0.0,0.0,68.6,0.0,11.285714285714285,36.6,42.8,50.4,27.985714285714288,31.5,24.0,6.928571428571429,49.7,60.0,47.62666666666666
2017,47,Tuas South,2.0,1.0,0.0,44.4,0.2,9.4,28.8,41.4,42.4,27.300000000000004,32.2,24.1,5.7142857142857135,38.9,60.0,42.61490683229814
2017,48,Tuas South,0.0,0.0,0.0,14.0,0.0,4.0,6.2,6.8,8.6,27.842857142857145,33.1,24.9,7.314285714285715,39.6,44.0,32.32298136645963
2017,49,Tuas South,0.0,0.0,0.0,5.6,0.0,0.9428571428571428,4.2,5.2,5.6,28.04285714285714,33.2,25.2,5.757142857142857,28.1,64.0,45.22981366459627
2017,50,Tuas South,0.0,0.0,0.0,19.2,0.0,6.9142857142857155,15.8,16.2,16.2,27.557142857142853,32.3,23.4,6.114285714285715,38.9,58.0,54.68944099378882
2017,51,Tuas South,0.0,0.0,0.0,11.8,0.0,3.771428571428572,11.0,11.8,11.8,27.6,32.1,24.3,7.9714285714285715,47.5,54.0,46.503184713375795
2017,52,Tuas South,0.0,0.0,0.0,26.0,0.0,10.2,13.8,19.6,21.2,27.257142857142853,32.3,24.4,6.242857142857143,40.7,46.0,33.213114754098356
2018,1,Tuas South,0.0,0.0,0.0,10.4,0.0,2.085714285714286,4.2,5.0,7.4,26.685714285714283,30.8,24.1,4.085714285714286,27.4,62.0,42.97826086956522
2018,2,Tuas South,2.0,2.0,2.0,22.2,4.0,11.133333333333333,14.2,18.2,22.2,24.399999999999995,30.7,22.2,7.983333333333332,34.6,61.0,41.40127388535032
2018,3,Tuas South,2.0,1.0,0.0,8.0,0.0,2.257142857142857,7.2,7.6,7.6,26.685714285714287,31.9,23.3,6.428571428571429,23.8,55.0,43.937888198757754
2018,4,Tuas South,0.0,0.0,0.0,66.2,0.0,11.314285714285715,21.6,31.2,39.6,27.2,32.5,23.3,6.371428571428571,32.8,55.0,45.64285714285714
2018,5,Tuas South,1.0,0.5,0.0,1.8,0.0,0.31428571428571433,1.0,1.6,1.8,27.78571428571429,32.4,24.8,7.3428571428571425,34.9,58.0,48.81168831168832
2018,6,Tuas South,1.0,0.5,0.0,0.0,0.0,0.0,0.0,0.0,0.0,27.285714285714285,32.9,24.2,7.4714285714285715,28.8,67.0,57.962732919254655
2018,7,Tuas South,0.0,0.0,0.0,1.8,0.0,0.3428571428571429,1.8,1.8,1.8,27.814285714285717,33.5,24.6,6.671428571428571,50.8,68.0,57.453416149068325
2018,8,Tuas South,0.0,0.0,0.0,5.8,0.0,0.9428571428571428,3.6,4.0,4.4,27.785714285714285,33.3,24.3,5.9,24.1,64.0,51.24666666666667
2018,9,Tuas South,0.0,0.0,0.0,18.4,0.0,7.0,14.4,16.0,18.4,27.92857142857143,32.7,24.3,5.5,32.4,56.0,51.53763440860215
2018,10,Tuas South,0.0,0.0,0.0,46.8,0.0,13.571428571428573,27.0,40.8,44.8,28.0,34.4,24.2,5.814285714285715,38.2,55.0,48.1
2018,11,Tuas South,0.0,0.0,0.0,22.0,0.0,4.142857142857143,19.0,21.6,22.0,28.428571428571423,33.7,23.5,4.814285714285715,30.6,58.0,54.71069182389938
2018,12,Tuas South,0.0,0.0,0.0,21.4,0.0,4.857142857142857,13.4,14.2,14.4,28.557142857142853,34.5,24.4,5.128571428571429,25.9,63.0,54.322981366459636
2018,13,Tuas South,1.0,1.0,1.0,38.4,0.0,7.457142857142857,30.6,36.4,37.2,27.42857142857143,32.9,24.0,6.185714285714287,41.4,65.0,51.9
2018,14,Tuas South,4.0,2.5,1.0,14.4,0.0,2.5714285714285716,14.0,14.2,14.4,28.714285714285715,33.3,25.1,5.042857142857144,29.5,67.0,60.371900826446286
2018,15,Tuas South,6.0,5.0,4.0,11.2,0.0,4.371428571428571,9.6,10.2,11.2,28.685714285714283,33.6,25.3,4.285714285714286,27.4,61.0,53.256410256410255
2018,16,Tuas South,12.0,8.0,4.0,35.8,0.0,12.171428571428573,26.0,33.0,35.2,27.414285714285718,32.6,23.5,4.114285714285715,38.9,55.0,47.366459627329185
2018,17,Tuas South,24.0,17.5,11.0,5.2,0.0,0.8857142857142858,1.2,2.4,4.0,28.82857142857143,33.5,24.0,5.142857142857143,26.6,63.0,57.83647798742138
2018,18,Tuas South,32.0,24.5,17.0,23.2,0.0,6.514285714285713,16.8,22.2,22.2,28.7,33.2,24.1,4.485714285714286,29.2,72.0,59.366459627329185
2018,19,Tuas South,27.0,25.5,24.0,43.2,0.0,10.142857142857142,24.0,33.0,39.4,29.542857142857148,34.0,24.5,3.9857142857142858,28.1,67.0,52.0248447204969
2018,20,Tuas South,20.0,15.0,10.0,42.0,0.0,17.457142857142856,33.0,37.6,41.0,27.942857142857147,32.4,24.5,4.5285714285714285,32.0,73.0,55.12422360248446
2018,21,Tuas South,15.0,11.5,8.0,35.8,0.0,15.96,26.0,27.0,32.2,28.42,32.9,24.6,5.119999999999999,36.0,75.0,56.75776397515528
2018,22,Tuas South,9.0,8.0,7.0,33.2,0.0,12.6,18.8,19.8,20.0,28.1,31.9,23.1,4.816666666666666,46.4,67.0,55.85
2018,23,Tuas South,3.0,2.5,2.0,7.6,0.0,1.257142857142857,7.2,7.6,7.6,29.914285714285718,33.1,24.1,5.3,46.1,69.0,59.17391304347826
2018,24,Tuas South,0.0,0.0,0.0,86.8,0.0,12.428571428571427,44.4,56.6,58.4,29.357142857142854,32.6,22.8,5.514285714285713,87.8,59.0,51.24223602484472
2018,25,Tuas South,2.0,1.5,1.0,68.0,7.4,27.73333333333333,22.8,24.6,34.2,27.83333333333333,30.8,23.6,5.266666666666667,47.2,61.0,49.3625
2018,26,Tuas South,3.0,2.0,1.0,19.2,0.0,8.742857142857144,15.0,18.2,19.2,27.17142857142857,30.7,23.3,6.385714285714287,52.6,55.0,42.71034482758621
2018,27,Tuas South,4.0,3.5,3.0,22.2,0.0,3.228571428571428,13.0,14.4,20.2,28.585714285714282,31.6,23.8,5.5,28.8,59.0,48.97841726618705
2018,28,Tuas South,2.0,1.0,0.0,9.4,0.0,3.457142857142857,9.2,9.4,9.4,28.485714285714288,32.8,22.6,6.328571428571428,40.7,65.0,53.60248447204968
2018,29,Tuas South,2.0,1.0,0.0,6.2,0.0,2.142857142857143,5.6,6.2,6.2,29.02857142857143,31.7,25.5,5.4,43.2,64.0,59.86013986013985
2018,30,Tuas South,1.0,0.5,0.0,9.8,0.0,1.4,9.2,9.2,9.2,29.17142857142857,32.8,24.0,5.142857142857143,38.2,63.0,57.49689440993789
2018,31,Tuas South,0.0,0.0,0.0,7.6,0.0,1.1142857142857143,3.4,6.8,7.4,28.114285714285717,31.6,24.6,5.671428571428572,35.3,63.0,54.24223602484472
2018,32,Tuas South,0.0,0.0,0.0,0.2,0.0,0.028571428571428574,0.2,0.2,0.2,28.82857142857143,32.8,23.4,6.328571428571428,40.0,67.0,59.75155279503105
2018,33,Tuas South,1.0,0.5,0.0,20.6,0.0,3.4857142857142853,17.4,20.4,20.6,29.37142857142857,32.8,23.8,5.285714285714286,33.8,66.0,60.675925925925924
2018,34,Tuas South,0.0,0.0,0.0,20.2,0.0,3.0,12.0,12.4,12.4,28.842857142857145,32.8,24.9,6.171428571428572,42.8,63.0,49.639751552795026
2018,35,Tuas South,1.0,0.5,0.0,7.2,0.0,1.1428571428571428,4.0,6.2,7.0,28.414285714285718,32.9,24.9,5.3285714285714265,39.6,70.0,58.125
2018,36,Tuas South,1.0,0.5,0.0,32.8,0.0,7.628571428571428,19.8,21.8,29.0,27.771428571428572,31.6,23.8,6.314285714285713,83.5,71.0,59.92546583850932
2018,37,Tuas South,0.0,0.0,0.0,7.4,0.0,1.8285714285714283,7.2,7.2,7.4,28.442857142857147,32.1,23.8,5.5,33.1,64.0,56.65625
2018,38,Tuas South,0.0,0.0,0.0,21.8,0.0,3.314285714285714,13.6,21.4,21.6,27.885714285714286,32.4,23.3,5.242857142857143,31.3,65.0,57.88
2018,39,Tuas South,2.0,2.0,2.0,0.0,0.0,0.0,0.0,0.0,0.0,29.75714285714286,33.1,27.0,4.471428571428572,27.4,62.0,58.35625
2018,40,Tuas South,2.0,1.0,0.0,61.8,0.0,9.028571428571428,31.8,45.4,52.4,29.314285714285717,33.5,23.7,4.485714285714286,29.5,66.0,53.95031055900621
2018,41,Tuas South,1.0,0.5,0.0,28.0,2.6,13.142857142857142,18.8,22.2,24.2,26.728571428571428,30.4,23.8,5.885714285714285,40.7,62.0,48.86335403726707
2018,42,Tuas South,1.0,0.5,0.0,8.2,0.0,1.6,4.2,6.4,7.4,28.185714285714283,32.1,23.8,6.685714285714285,59.4,64.0,54.0253164556962
2018,43,Tuas South,0.0,0.0,0.0,69.2,0.0,11.457142857142856,38.2,63.2,69.0,27.885714285714286,31.9,24.2,5.014285714285714,27.4,75.0,61.20496894409938
2018,44,Tuas South,2.0,1.0,0.0,29.6,1.0,10.685714285714287,21.2,23.0,23.2,27.257142857142853,31.9,25.1,4.471428571428572,26.3,59.0,51.645569620253156
2018,45,Tuas South,1.0,1.0,1.0,62.8,0.2,18.285714285714285,33.8,46.6,58.2,27.54285714285714,32.5,24.1,5.828571428571429,29.5,60.0,45.70807453416149
2018,46,Tuas South,0.0,0.0,0.0,20.6,0.0,6.457142857142857,13.0,15.4,15.8,27.57142857142857,31.8,24.2,4.842857142857143,40.7,60.0,49.24844720496895
2018,47,Tuas South,2.0,1.0,0.0,110.8,0.2,19.4,31.4,37.2,64.4,27.74285714285714,32.5,23.2,6.085714285714286,37.4,60.0,50.40880503144654
2018,48,Tuas South,2.0,1.5,1.0,36.0,0.4,18.942857142857143,27.6,35.4,35.6,27.45714285714286,31.8,23.2,5.5857142857142845,47.2,53.0,41.64596273291925
2018,49,Tuas South,2.0,2.0,2.0,35.2,2.8,16.2,27.4,33.2,34.0,27.08571428571429,31.3,23.8,4.614285714285714,37.8,49.0,39.01242236024845
2018,50,Tuas South,5.0,3.5,2.0,27.8,0.2,8.028571428571428,21.8,25.0,25.0,26.957142857142852,31.1,24.1,5.7,48.6,51.0,38.8
2018,51,Tuas South,6.0,5.0,4.0,7.4,0.0,1.0857142857142859,4.0,7.0,7.4,28.385714285714283,32.8,25.3,5.728571428571428,33.1,69.0,50.79617834394905
2018,52,Tuas South,8.0,6.0,3.0,5.0,0.0,1.7,3.8,4.2,4.4,28.4125,32.1,24.1,7.275,60.8,68.0,55.962732919254655
2019,1,Tuas South,12.0,12.0,12.0,16.0,0.0,2.7,13.6,13.6,13.6,28.9,33.2,24.1,7.683333333333333,38.2,64.0,51.18840579710145
2019,2,Tuas South,30.0,22.0,14.0,31.2,0.0,5.2,27.0,29.2,31.2,28.442857142857147,33.8,24.3,5.928571428571429,28.8,43.0,36.4472049689441
2019,3,Tuas South,26.0,25.0,24.0,17.6,0.0,4.971428571428572,11.0,11.0,11.2,27.628571428571433,32.6,24.1,6.371428571428572,35.6,54.0,41.15822784810127
2019,4,Tuas South,24.0,21.5,19.0,0.2,0.0,0.028571428571428574,0.2,0.2,0.2,28.07142857142857,32.5,25.6,6.942857142857143,34.9,55.0,48.064516129032256
2019,5,Tuas South,12.0,12.0,12.0,10.0,0.0,1.6285714285714286,4.2,6.6,8.8,28.12857142857143,33.7,25.8,6.128571428571428,44.3,49.0,39.57534246575342
2019,6,Tuas South,,,,31.2,0.0,5.4,18.6,28.6,31.2,28.342857142857138,33.6,24.2,6.185714285714285,37.4,49.0,37.266129032258064
2019,7,Tuas South,,,,1.6,0.0,0.2285714285714286,1.6,1.6,1.6,28.557142857142853,33.9,25.3,6.471428571428571,26.3,54.0,44.57142857142857
2019,8,Tuas South,,,,14.0,0.0,3.5142857142857147,12.2,13.6,14.0,28.17142857142857,33.9,23.3,5.257142857142857,50.8,55.0,47.39490445859872
2019,9,Tuas South,,,,1.8,0.0,0.2571428571428572,1.8,1.8,1.8,28.92857142857143,33.9,25.8,5.871428571428572,29.9,54.0,46.465838509316775
2019,10,Tuas South,,,,3.4,0.0,0.6285714285714287,2.8,2.8,3.4,28.942857142857147,33.6,25.8,5.042857142857144,30.6,58.0,52.54037267080746
2019,11,Tuas South,,,,7.8,0.0,1.8,7.4,7.8,7.8,28.585714285714282,34.3,25.0,6.014285714285713,40.3,55.0,52.08125
2019,12,Tuas South,,,,2.0,0.0,0.2857142857142857,1.4,2.0,2.0,29.4,34.7,25.0,6.2714285714285705,28.8,61.0,55.094339622641506
2019,13,Tuas South,,,,56.6,0.0,11.857142857142858,47.4,56.2,56.6,29.114285714285717,35.5,23.1,5.114285714285714,53.3,72.0,55.98757763975155
2019,14,Tuas South,3.0,3.0,3.0,43.6,0.0,11.571428571428573,21.8,37.0,41.2,28.614285714285717,33.7,23.0,5.814285714285715,64.1,68.0,49.509316770186345
2019,15,Tuas South,0.0,0.0,0.0,0.6,0.0,0.14285714285714285,0.4,0.4,0.4,29.25714285714286,34.4,26.7,4.628571428571427,33.8,62.0,51.180124223602476
2019,16,Tuas South,0.0,0.0,0.0,1.4,0.0,0.4666666666666666,1.4,1.4,1.4,29.95000000000001,34.4,26.0,5.033333333333333,24.8,64.0,54.653846153846146
2019,17,Tuas South,1.0,1.0,1.0,,,,,,,,,,,,58.0,50.8
2019,18,Tuas South,0.0,0.0,0.0,8.6,0.0,2.56,8.4,8.6,8.6,29.52,33.2,24.9,5.68,46.4,74.0,60.335403726708066
2019,19,Tuas South,2.0,2.0,2.0,98.4,0.0,17.400000000000002,52.6,60.6,61.6,29.5,33.1,23.4,7.442857142857144,61.6,63.0,50.7639751552795
2019,20,Tuas South,10.0,10.0,10.0,61.8,0.0,13.028571428571427,41.0,57.2,61.8,28.52857142857143,33.2,23.8,5.5,47.5,66.0,55.534161490683225
2019,21,Tuas South,11.0,11.0,11.0,19.2,0.0,3.171428571428572,17.6,18.0,18.6,29.014285714285716,32.9,24.9,5.514285714285713,36.4,56.0,45.92356687898089
2019,22,Tuas South,12.0,12.0,12.0,54.4,0.0,19.0,31.4,39.2,47.4,29.066666666666666,32.6,24.2,4.6000000000000005,28.8,54.0,40.19254658385093
2019,23,Tuas South,9.0,7.0,5.0,28.6,0.0,8.600000000000001,12.0,16.4,17.2,27.875,31.7,24.3,4.9,27.7,56.0,47.85093167701864
2019,24,Tuas South,19.0,19.0,19.0,8.8,0.0,2.266666666666667,2.4,3.8,4.0,28.95,32.5,25.2,6.7666666666666675,37.4,49.0,37.906666666666666
2019,25,Tuas South,23.0,23.0,23.0,74.8,0.0,17.885714285714286,40.6,56.6,66.8,28.15,31.4,23.4,5.257142857142857,40.0,48.0,39.46153846153846
2019,26,Tuas South,22.0,22.0,22.0,5.6,0.0,1.0666666666666669,3.0,5.4,5.4,29.0,32.1,25.9,5.0,50.4,58.0,50.7
2019,27,Tuas South,18.0,15.5,13.0,0.2,0.0,0.05,0.2,0.2,0.2,29.46666666666667,32.2,26.1,4.5,33.1,60.0,51.98136645962733
2019,28,Tuas South,24.0,24.0,24.0,7.6,0.0,1.2666666666666666,6.8,7.6,7.6,29.6,32.3,27.7,3.7833333333333337,88.2,57.0,47.633540372670815
2019,29,Tuas South,32.0,32.0,32.0,6.4,0.0,0.9142857142857144,3.8,4.8,6.4,28.97142857142857,32.4,25.1,5.614285714285713,46.8,57.0,53.467105263157904
2019,30,Tuas South,39.0,39.0,39.0,12.8,0.0,1.8285714285714287,5.6,9.0,10.0,28.771428571428572,32.3,23.8,4.942857142857141,33.8,57.0,51.44303797468354
2019,31,Tuas South,29.0,29.0,29.0,0.0,0.0,0.0,0.0,0.0,0.0,29.585714285714282,33.1,27.5,5.242857142857141,34.6,60.0,55.0625
2019,32,Tuas South,15.0,15.0,15.0,0.0,0.0,0.0,0.0,0.0,0.0,29.357142857142854,32.4,27.7,5.2,36.0,65.0,61.24223602484472
2019,33,Tuas South,20.0,20.0,20.0,0.2,0.0,0.028571428571428574,0.2,0.2,0.2,29.614285714285717,33.1,27.1,5.128571428571429,36.4,61.0,57.94375
2019,34,Tuas South,,,,0.0,0.0,0.0,0.0,0.0,0.0,29.585714285714282,33.8,27.5,5.1000000000000005,34.6,61.0,55.31847133757961
2019,35,Tuas South,14.0,14.0,14.0,19.8,0.0,2.9714285714285715,11.6,11.6,11.6,28.585714285714282,32.9,24.7,6.671428571428572,54.4,76.0,59.931677018633536
2019,36,Tuas South,5.0,5.0,5.0,19.0,0.0,2.7142857142857144,11.2,17.4,18.6,29.442857142857147,32.7,24.6,4.471428571428572,31.3,67.0,62.267080745341616
2019,37,Tuas South,2.0,2.0,2.0,0.4,0.0,0.05714285714285715,0.4,0.4,0.4,29.37142857142857,33.2,27.1,4.9,30.2,111.0,82.68354430379746
2019,38,Tuas South,17.0,17.0,17.0,0.0,0.0,0.0,0.0,0.0,0.0,29.4,33.3,27.1,4.571428571428573,28.8,131.0,90.54037267080746
2019,39,Tuas South,13.0,13.0,13.0,39.8,0.0,10.8,14.6,23.6,28.2,28.2,34.9,24.0,4.642857142857143,42.8,118.0,75.1304347826087
2019,40,Tuas South,11.0,11.0,11.0,30.4,0.0,6.057142857142857,24.8,29.8,30.2,27.728571428571428,32.4,23.4,4.842857142857143,36.0,64.0,55.28571428571429
2019,41,Tuas South,11.0,11.0,11.0,27.0,0.0,9.685714285714283,14.8,23.0,27.0,28.0,33.4,24.7,4.257142857142857,31.0,64.0,57.635220125786155
2019,42,Tuas South,11.0,11.0,11.0,16.2,0.0,2.3714285714285706,7.4,9.2,10.6,28.385714285714286,32.8,25.0,4.428571428571429,28.4,64.0,55.73913043478261
2019,43,Tuas South,10.0,10.0,10.0,74.0,0.0,17.314285714285713,32.4,40.8,42.4,27.45714285714286,32.8,23.6,5.1571428571428575,29.5,65.0,56.12578616352202
2019,44,Tuas South,12.0,12.0,12.0,25.4,0.0,4.6571428571428575,24.0,24.8,25.2,28.42857142857143,32.3,23.4,7.757142857142857,51.8,74.0,59.664596273291934
2019,45,Tuas South,31.0,31.0,31.0,42.2,0.0,6.342857142857143,27.0,35.4,39.8,28.97142857142857,32.9,24.0,6.5857142857142845,60.8,80.0,72.65
2019,46,Tuas South,46.0,46.0,46.0,14.8,0.0,2.9428571428571435,13.4,13.8,14.8,28.314285714285717,33.0,25.2,5.414285714285714,29.9,,
2019,47,Tuas South,47.0,47.0,47.0,34.6,0.0,8.62857142857143,24.0,32.0,33.0,27.114285714285717,33.0,24.2,5.0,74.5,,
2019,48,Tuas South,40.0,40.0,40.0,32.4,0.2,8.428571428571429,12.6,19.4,22.6,27.614285714285717,32.9,23.8,5.6571428571428575,40.7,,
2019,49,Tuas South,23.0,23.0,23.0,15.0,0.0,2.2857142857142856,6.8,9.0,11.2,27.771428571428572,32.8,24.0,6.542857142857144,42.8,,
2019,50,Tuas South,7.0,7.0,7.0,46.6,0.0,16.0,13.4,22.2,25.0,25.52857142857143,31.3,23.2,6.5857142857142845,101.9,,
2019,51,Tuas South,10.0,10.0,10.0,62.0,0.0,13.771428571428574,32.2,48.2,58.8,27.133333333333336,31.7,24.9,5.7142857142857135,28.8,,
2019,52,Tuas South,12.0,12.0,12.0,15.6,0.0,1.8444444444444448,9.4,11.2,14.2,27.91111111111111,32.8,25.3,6.877777777777778,29.2,,
