unique location,lat,long
Chai Chee Rd ,1.325311,103.9232153
Jln Peradun,1.3842178,103.86921
Pending Rd ,1.3762379,103.7710963
"Lor 8, 12 Geylang",1.3117531,103.8769931
"Tai Hwan Gr, Ter",1.3565584,103.85959
Kaki Bt Indus Ter ,1.3327039,103.9044643
Bt Batok St 21,1.3464976,103.7533512
Jln Rebana,1.3635873,103.8283589
S goon Central Dr ,1.3546564,103.8716088
"West Coast Ln, Pl, Ter",1.31298,103.7590349
Jurong St 65 ,1.339965,103.7010383
Mei Ling St ,1.2942719,103.8031883
Bright Hill Cres ,1.3560697,103.8324836
"Flora Dr, Rd",1.3565253,103.9653785
Telok Blangah St 31 ,1.2751923,103.8067513
Mt Faber Rd ,1.2712241,103.81971
Defu Ln 9 ,1.3512164,103.8935144
Jln Derum,1.4419126,103.8229693
Jln Pari Burong ,1.3343063,103.9462887
"Eastwood Dr, Green, Pl, Rd, Ter, Walk, Way ",1.3233243,103.9557363
"East Coast Ave, Ter ",1.3099359,103.9236144
Bedok South Rd,1.3203597,103.9378409
Golden Walk,1.355893,103.8616124
Lor Sarina ,1.3196698,103.9077417
Elite Ter ,1.3162269,103.9249945
"Eastwood Ter, Way",1.3218063,103.9569024
Nallur Rd,1.3123104,103.9321836
Ang Mo Kio Ave 8 ,1.3705115,103.8488158
Fernvale Ln,1.3894612,103.8708423
Tai Hwan Gr,1.355786,103.8594344
Defu Ave 2,1.3604122,103.9010609
Jln Lateh ,1.3454956,103.8695215
Bedok Ria Cres,1.326854,103.9531946
Lengkong Lima,1.3274238,103.9136156
"Kings Cl, Rd ",1.317697,103.8032364
Robin Ln ,1.3198724,103.8270901
Jurong West St 71 ,1.342723,103.6954423
Joo Chiat Rd ,1.3099091,103.9020269
Sengkang EastRd ,1.3905505,103.8926272
Punggol East ,1.3950725,103.9166178
"Merryn Ave, Ter",1.325779,103.8263594
Edgefield Plains ,1.4005857,103.9088722
S'goon Ave 4 ,1.349128,103.8734316
"Amber Gdns, Rd",1.3013325,103.8991142
Choa Chu Kang St 54 ,1.3947504,103.7490377
Aida St ,1.3186847,103.9279885
Lengkong Satu ,1.32655,103.9129864
Bt Purmei Rd ,1.2727517,103.8255559
Pine Cl ,1.3080564,103.8829232
Rivervale Dr,1.3872989,103.9045675
Jln Kemaman,1.3265704,103.8504964
"Joo Chiat Ave, Pl",1.3159035,103.9116366
Boon Teck Rd,1.3269162,103.8500812
"Merryn Ave, Rd, Ter",1.325779,103.8263594
Tai Hwan Hts,1.357723,103.8617288
Kaki Bt Ind Ter,1.3357532,103.9021851
Chiap Guan Ave ,1.3610156,103.8758142
Boon Lay Dr,1.3437874,103.7127992
Farrer Pk Rd,1.3118965,103.8514479
Figaro Gdns,1.3152269,103.9263222
Hendry Cl ,1.3594829,103.8813743
Jurong East St 21 ,1.3369686,103.7433703
Jedburgh Gdns,1.314281,103.920697
Jln Sempadan,1.3123429,103.9273523
Begonia Dr,1.387128,103.8623338
Rosyth Rd,1.362697,103.8765551
CommonwealthCres ,1.3076629,103.7996916
Ceylon Rd ,1.308566,103.9006498
Yuan Ching Rd ,1.3351542,103.7250476
Thomson Rd ,1.3286296,103.8403639
Cassia Cres,1.3098219,103.8845413
Chai Chee Dr,1.3240811,103.9191646
"Amber Gdns,Rd",1.3013325,103.8991142
Bedok South Ave 1 ,1.3177824,103.932945
Everitt Rd Nth ,1.3151505,103.9016836
Marigold Dr,1.3537365,103.8287169
Sirat Pl ,1.3583334,103.875718
 Pasir Ris Dr 6 ,1.3720207,103.9567674
Woodlands Ave1 ,1.4314714,103.7851183
Leicester Rd ,1.3298421,103.8676348
Lor 5 ToaPayoh ,1.3365164,103.8527387
Teban Gdns Rd,1.3220012,103.7414853
Charlton Rd ,1.3549226,103.8817505
Choa Chu Kang St 51,1.3913255,103.7430316
"Lor K Telok,Kurau ",1.3130423,103.9116196
Verde Place,1.3918652,103.7520753
Bedok Nth St 1 ,1.3272295,103.9308212
Jln Terang Bulan,1.3222868,103.9244546
Golden Walk ,1.355893,103.8616124
"Kings Dr, Rd ",1.3193424,103.8065862
Hindoo Rd ,1.3079731,103.8547067
Frankel Dr ,1.316919,103.9153716
Jln Saudara Ku,1.3107941,103.9207921
Jurong West St 25 ,1.35401,103.7038569
Lor 16 Geylang,1.3112478,103.8799103
Jln Teck Whye ,1.3799998,103.7576493
West Coast Rise,1.3160914,103.7537494
Westwood Cres,1.3528595,103.6999355
Roseburn Ave,1.3150164,103.9179902
Yishun Ave 6 ,1.432994,103.8453055
Yishun Ave 4 ,1.418593,103.840647
Jurong West Ave 5 ,1.3465681,103.6969139
"Kim Chuan Ln, Ter",1.338753,103.8906
Swiss View ,1.3470647,103.7898813
Ang Mo KioAve 3 ,1.3689086,103.8572848
Admiralty Dr,1.4506645,103.8170878
Geylang East Ave 2,1.3176923,103.8887758
Marine Cres,1.3053361,103.9120281
Cornwall GdnsFarrer Rd ,1.3162359,103.8009036
Dorset Rd ,1.3134015,103.8503232
Sengkang East Way ,1.3931879,103.8939383
Jln Kelempong,1.3622742,103.9674548
Brighton Ave ,1.3609691,103.8726472
Pasir Ris St 11 ,1.364947,103.9586667
Kingswear Ave,1.3680671,103.8655659
Jln Hussein ,1.3246023,103.9097184
Aljunied Rd ,1.3223031,103.8814376
Vernon Pk ,1.338838,103.8763884
Bt Batok East Ave 2 ,1.3512787,103.7566479
Woodlands Ring Rd ,1.4384339,103.7992854
Mimosa Cres,1.385107,103.8629337
Bt Batok St 25 ,1.3438522,103.7609115
Tampines St 82,1.3516141,103.9365762
Woodlands Circle ,1.4444853,103.798085
Woodlands St 13 ,1.4349802,103.7776654
Toh Tuck Rd ,1.3397261,103.7661564
"West Coast Ave, Ter",1.3138555,103.7569916
Choa Chu Kang Rd ,1.3781137,103.7573998
Lor 25 Geylang,1.3144854,103.8824746
Changi Rd,1.3182725,103.9085841
MacphersonRd ,1.3312078,103.8789855
Angklong Ln ,1.3631364,103.8296946
"Punggol Central, Pl",1.4022904,103.9070022
Choa Chu Kang St 52 ,1.3948475,103.7439801
"Ubi Ave 1, Cres, Rd 1",1.3269703,103.9014436
Dyson Rd ,1.3256017,103.8398457
Mt Emily Rd ,1.3046526,103.8487671
Yishun St 81 ,1.4150832,103.8373311
"Parry Ter, View, Walk ",1.3660443,103.8784125
Cantonment Rd,1.2758279,103.8408356
Gambir Walk,1.3442235,103.8744852
Jln Batalong East ,1.3621684,103.9681817
Lincoln Rd ,1.3151667,103.8428241
Quemoy Rd,1.3446031,103.8814383
Dunman Rd ,1.3095418,103.8961544
Jln Lepas ,1.356038,103.888052
Sembawang Cres ,1.4447308,103.8167416
Pasir Ris Lk ,1.3720937,103.9473728
Tampines St 45 ,1.3591474,103.9577982
Compassvale Dr,1.3878883,103.8969344
Kranji Way,1.4386053,103.7422027
Peakville Ave ,1.3326308,103.9450872
"Verde Cres, Gr",1.3903926,103.7508486
Ang Mo Kio Ave 2,1.3727518,103.8331481
Joo Ave ,1.315322,103.8551676
Jln Jamal,1.3135408,103.9251949
Woodlands Dr 73 ,1.4410235,103.8060957
Jln Leban,1.3732041,103.8307393
Butterworth Ln,1.3125829,103.8958523
"Loyang Rise, View ",1.363566,103.9652551
Jln Mata Ayer ,1.4260689,103.8239374
Cheng Soon Gdn,1.3346153,103.7723326
Kim Keat Rd ,1.3252133,103.8536728
Phillips Ave ,1.3635947,103.8770577
Crane Rd ,1.3125702,103.899076
Belgravia Dr,1.3796432,103.8648233
Lor K Telok Kuraru ,1.3130423,103.9116196
Whampoa Dr ,1.3235847,103.8565156
Joo Seng Rd,1.3363406,103.8819507
Mimosa Cres ,1.385107,103.8629337
"Bedok Ave, Gdn, Rd ",1.3217159,103.9527354
Lor Ampas ,1.3262992,103.8527727
 Joon Hiang Rd ,1.353078,103.8750824
Bishan St 11,1.3465053,103.8522641
Jurong East Ave1 ,1.3440585,103.7348419
Lor Ong Lye ,1.3479061,103.8790427
Tembeling Rd,1.3104906,103.9028207
Jalan Kechot,1.321949,103.9068222
Old Airport Rd ,1.3077496,103.8859197
Potong Pasir Ave 2 ,1.3322343,103.8671036
Jln Besar ,1.3085035,103.8573175
Geylang Serai ,1.3200544,103.8917746
Lim Tua TowRd ,1.3547084,103.8761809
Nth Bridge Rd ,1.2989282,103.8559489
"Toh Cres, Dr",1.3657526,103.9730138
Hume Ave,1.3570639,103.7673642
Jln Arif ,1.3673707,103.8833896
Countryside Pl ,1.3884775,103.8394802
Bedok North Ave 4 ,1.3349588,103.9435684
Telok Kurau Rd,1.3122916,103.9108615
Ampat ,1.337901,103.884739
Gambas Cres ,1.4432674,103.8165436
Jln Ketumbit ,1.3847403,103.874377
Eunos Cres ,1.3215095,103.9037357
Jln Daud ,1.3258823,103.9083537
Punggol Dr,1.4031478,103.9113918
"Nim Rd, Rise ",1.3815897,103.8627389
Jln Malu Malu ,1.4419236,103.8261609
 Jln Manis ,1.3257381,103.8633699
Woodlands Dr 72 ,1.4434388,103.8044632
Joo Chiat Walk,1.3099091,103.9020269
Jurong West Ave 3 ,1.35189,103.7046678
 Hougang Ave 1 ,1.3544184,103.889824
Hougang Ave 10,1.3730673,103.8918396
Jln Bt Merah,1.2835601,103.8193897
"Bedok Ave, Rd ",1.3217159,103.9527354
Jln Rumia,1.3112223,103.7977104
Charlton Ln ,1.3557472,103.8819989
Sunbird Circle ,1.3391852,103.9576992
Maju Ave ,1.3646229,103.8654682
Choa Chu Kang Ctrl ,1.3810208,103.7469358
Flora Rd ,1.3597191,103.9658888
Kaki Bukit Rd 3,1.3366588,103.9041606
"Pasir Ris Dr 3, Dr 4, Lk, Rise ",1.3750909,103.9534875
Bedok Ctrl ,1.3257572,103.9335975
Bedok Ter,1.325398,103.9479961
Jln Bangau ,1.3837573,103.8715861
Bt Batok WestAve 2 ,1.3578222,103.7472428
Dunlop St ,1.3053253,103.8531751
Cheow Keng Rd ,1.3073396,103.9058467
Sembawang Hills Dr ,1.3759852,103.8304256
Woodlands Dr16 ,1.4300615,103.7945328
Upp East Coast Rd,1.3148748,103.9402579
Bt Batok East Ave 5 ,1.3532617,103.7549128
Dunbar Walk,1.3126061,103.9166691
Pasir Ris St 51,1.367898,103.9525058
Dalhousie Ln ,1.3049241,103.8522072
Geylang Rd JlnSuka ,1.3122073,103.8833391
Lor M Telok Kurau,1.3109464,103.9124768
Hemsley Ave,1.3689172,103.8655259
"East Coast Ave, Rd, Ter",1.3099359,103.9236144
Flora Rd ,1.3597191,103.9658888
Lim Tua Tow Road,1.3547084,103.8761809
Kim Keat Cl ,1.3239373,103.8534166
May Rd ,1.3218142,103.8583435
Jln Terubok ,1.3543896,103.8353438
Balestier Rd ,1.3214951,103.8528591
Dunman Ln,1.3088754,103.8953676
Lor Pisang Hijau ,1.3442145,103.7727925
"East Coast Dr, Ter",1.3106953,103.9221512
Everitt Rd,1.3123225,103.9029585
Walmer Dr,1.3653697,103.8691
Jln Kechubong   ,1.3858384,103.8761856
S goon Nth Ave 1 ,1.3637712,103.8739389
Goldhill Ave,1.3207212,103.8329972
Lor Melayu,1.322173,103.9101531
Anchorvale Rd ,1.3933007,103.8872437
Tai Hwan Ter,1.3569596,103.8601269
"Lor K, L TelokKurau",1.3122916,103.9108615
Yio Chu Kang Rd,1.3913524,103.8565907
Choa ChuKang Ave 2,1.3783588,103.7427563
Yishun Ave 3 ,1.4238094,103.8299308
Pheng Geck Ave ,1.331343,103.8698759
Jurong East St 31 ,1.3468941,103.7305142
Marsiling Rd ,1.4386801,103.7761594
Corporation Dr ,1.3330012,103.7231731
Binchang Walk ,1.3509379,103.8464765
Rosyth Rd ,1.362697,103.8765551
Loyang Rise,1.363566,103.9652551
Braemar Dr ,1.3613079,103.8614469
Commonwealth Ave ,1.3005547,103.8003086
CommonwealthDr ,1.3000361,103.7972929
Ang? Mo Kio St 52 ,1.3724727,103.8536388
Lakeside Dr ,1.3426768,103.7200945
Highland Rd,1.3578343,103.8788724
Aroozoo Ave,1.3553669,103.8853119
Bodmin Dr ,1.3619128,103.8623419
Goodman Rd,1.3044379,103.8907701
Woodleigh Cl,1.33621,103.8682851
Clementi Ave 2,1.3114966,103.7675414
Circuit Link,1.3260599,103.8893455
Chuan View ,1.3618776,103.8668739
Yishun Ave 1 ,1.4177464,103.8461516
Woodlands Dr 50 ,1.437081,103.7935954
Jurong West St61 ,1.3385893,103.6984964
Tampines St 12,1.3499048,103.9450892
Leedon Hts ,1.3145179,103.8022928
Jln Mariam,1.3622256,103.9694691
Kew Hts ,1.3195451,103.9491241
Thiam Siew Ave,1.3108718,103.8957179
Yishun Ave 5,1.4304017,103.8310578
 Pasir Ris St 21 ,1.3682576,103.9621864
Toh Guan Rd,1.3363443,103.7475947
Yishun Ave 4,1.418593,103.840647
Penjuru Pl ,1.3155382,103.7331055
"Tai Hwan Pl, Ter",1.3569705,103.860841
Jln Chegar ,1.3537113,103.8388771
Bishan St 13,1.3497297,103.8536992
Newton Rd ,1.3162825,103.8413256
Fernvale Rd ,1.3936113,103.87613
Choa Chu Kang Loop,1.3845841,103.7454465
Bedok Nth Ave 1 ,1.3283757,103.9267275
Flower Rd ,1.3602403,103.8813307
Jln Kesoma ,1.3464474,103.8785457
Lucky Cres ,1.317972,103.9405735
Jln Tarum ,1.3738957,103.8315861
"Thomson Ter, Walk",1.377721,103.8315542
Alexandra Rd,1.2884712,103.8055757
Limau Gdn ,1.3222048,103.9497438
Eunos Ave 5 ,1.3212123,103.8972956
Tampines St 43 ,1.3608297,103.9521967
Lewis Rd ,1.3202967,103.8227737
Springside Cres ,1.4053203,103.8233651
New Upp Changi Rd ,1.3245193,103.9351317
Venus Rd,1.3585322,103.8280236
Lor Liew Lian ,1.3503431,103.8773085
"Lor 4, 8 Geylang",1.3111054,103.8759998
Choa Chu Kang Nth 6 ,1.3963258,103.747497
Happy Ave Ctrl ,1.3304365,103.8808861
Guillemard Rd,1.3112603,103.885691
Joo Ave,1.315322,103.8551676
Jln Siantan,1.3224869,103.796788
Hougang ave 4 ,1.3713523,103.8880588
Hougang Ave 9 ,1.3750117,103.8810633
Jln Molek ,1.3115211,103.8833665
Sims Pl ,1.3171615,103.8798859
Cashew Cres,1.3714452,103.7694569
Jln Tenaga,1.3324728,103.9065967
Mt Vernon Rd ,1.3403804,103.8795063
CompassvaleLink ,1.3835374,103.8951886
Jln LoyangBesar ,1.3785756,103.9606109
Bt Batok St 33 ,1.3619342,103.7472717
Hougang Ave3 ,1.3524666,103.8908204
Windsor Pk Rd,1.3573826,103.8256961
"Tai Hwan Cl, Hts",1.3578709,103.8608276
Primrose Ave,1.3158098,103.9345991
Yishun Ind St 1 ,1.4372807,103.8432107
Lengkok Bahru ,1.2869338,103.8137417
Choa Chu Kang St 62 ,1.39885,103.746659
Bt Batok West Ave 6 ,1.3534023,103.7430789
Bowmont Gdns,1.31433,103.9200577
Jln Tenggiri ,1.3077945,103.9143143
Elite Ter,1.3162269,103.9249945
Bedok Reservior Rd ,1.3370403,103.9215479
Woodlands Dr 75 ,1.4425784,103.8070288
Canberra Lk ,1.44691,103.827499
Spottiswoode Pk Rd,1.2752989,103.8372683
Pasir Ris St51 ,1.3682213,103.9495464
Jln Melor ,1.3317964,103.8846215
"Phoenix Gdn, Walk",1.3768014,103.7584725
Compassvale St ,1.3951499,103.8980618
Gerald Dr ,1.3843675,103.8774573
Simei Street 3,1.3418992,103.9532374
Bt Batok Ctrl ,1.3503146,103.7497699
Braddell Rd ,1.3434652,103.8547803
Ho Ching Rd,1.3344133,103.7240854
Geylang Rd,1.3134257,103.8837629
Desker Rd ,1.3089271,103.8553452
Berwick Dr,1.3636994,103.8607998
Lor 14 Geylang,1.311298,103.8791603
West Coast Rd ,1.3102382,103.7563407
Lor Melayu ,1.322173,103.9101531
Bishan St 15 ,1.3519257,103.8510558
"Leith Pk, Rd ",1.3620971,103.8741237
Pk Villas Rise,1.3680231,103.8779298
Chin Swee Rd ,1.2860847,103.8385605
Yunnan Cres,1.3385142,103.6921797
Prince George's Pk,1.2926245,103.7793885
Elizabeth Dr ,1.3059505,103.8359819
Sing Joo Walk,1.3152284,103.8553178
Canberra Dr,1.4417357,103.8281341
Jln Limbok ,1.365868,103.8762804
Nassim Rd ,1.3116497,103.8218951
Woodlands St 83 ,1.4408196,103.793685
Bedok Sth Ave 1,1.320875,103.9337491
"Eunos Ave 5, 5A, 6, 7",1.3212123,103.8972956
Nemesu Ave ,1.3749863,103.8275471
Marshall Rd,1.3065054,103.9013515
Teck Whye Ave ,1.381234,103.7538792
Jln Lekar,1.3803806,103.7226967
"Woodlands Industrial Pk E3, E5",1.4539923,103.7975901
Lor 2 Toa Payoh ,1.3360505,103.8462992
Margate Rd,1.2990981,103.8889116
Henderson Rd ,1.2804083,103.8176
"Meragi Cl, Rd",1.343136,103.9599069
Toh Cl,1.3637923,103.9711281
Yishun St 31 ,1.4314822,103.8456793
Lor K TelokKurau,1.3130423,103.9116196
Serangoon Central ,1.3510464,103.8730466
Berrima Rd ,1.3255622,103.8238264
"Lor 8, 12Geylang",1.3117531,103.8769931
Siglap Rd ,1.313587,103.923105
Teck Whye Ln ,1.3788984,103.7526191
Hai Sing Rd ,1.3657267,103.8934211
Kim Keat Cl,1.3239373,103.8534166
Alkaff Cres ,1.3363156,103.8722204
Tanah Merah ,1.3272444,103.9464897
Casuarina Rd,1.375008,103.8280592
Shaw Rd,1.336857,103.8846795
Hougang Ave 7 ,1.3677419,103.8982756
Canberra Rd ,1.4515959,103.8206272
Bedok South Rd ,1.3203597,103.9378409
Tampines St 32 ,1.3537995,103.9579087
Jln Hajjah ,1.3134769,103.9356559
Lor Limau ,1.3241276,103.8549649
Harvey Rd ,1.3334982,103.8844686
Jln Tenaga ,1.3324728,103.9065967
Jln Labu Ayer,1.3451028,103.8740598
Lor N TelokKurau ,1.3098618,103.9119077
Ah Hood Rd ,1.3276907,103.8467576
Admiralty Dr ,1.4506645,103.8170878
Lucky Gdns ,1.3189398,103.9412967
Bendemeer Rd,1.3206315,103.865235
Veerasamy Rd ,1.3074459,103.8543547
Bt Batok St 34 ,1.3637652,103.7499928
Jln Haji Salam ,1.3205803,103.9529535
Wilby Rd ,1.3319315,103.788757
Lothian Ter,1.3121832,103.9212942
"Yunnan Dr 1, Rd, Walk",1.3377248,103.6912061
Carmen Ter ,1.3186117,103.9273227
Lor 39 Geylang,1.3159773,103.890676
Choa Chu Kang Ave 2 ,1.3783588,103.7427563
Yung Loh Rd ,1.3275894,103.7221723
Lor 42 Geylang ,1.3143639,103.8902446
Bt Batok St 23,1.340546,103.7558942
Siglap Plain,1.3176343,103.9172348
St George's Ln ,1.3223134,103.8617541
Pasir Ris St 53 ,1.3740966,103.9470266
Yishun St 22,1.4371689,103.8374991
Choa Chu Kang Ave4 ,1.3827764,103.7415944
Choa Chu Kang Loop ,1.3845841,103.7454465
Palm Dr,1.3144656,103.9300502
Bloxhome Dr ,1.3624968,103.8625588
Choa ChuKang Ave 2 ,1.3783588,103.7427563
S'goon Gdn Way,1.365551,103.866409
Quemoy Rd ,1.3446031,103.8814383
"Frankel Cl, Dr",1.3182785,103.9146352
Lor Mydin ,1.3212356,103.911268
Poh Huat Dr ,1.36613,103.8811555
Ee Teow Leng Rd,1.3580182,103.8781289
Potong Pasir Ave 3 ,1.3336139,103.8651988
"Lor 37, 39Geylang",1.3163241,103.8899251
Wilkinson Rd,1.3026352,103.8908503
Kim Keat Ave ,1.3324775,103.8580168
Jln Keruing ,1.3842695,103.8738796
 Hougang Ave 3 ,1.3524666,103.8908204
"Gerald Cres, Dr ",1.3869045,103.8761499
Amber Rd ,1.3000032,103.9000674
"Corporation Rise, Walk ",1.3395759,103.7174149
Mcnair Rd ,1.3200278,103.8585331
Eunos Ave 4 ,1.3206688,103.8974046
Lor 3 Geylang Rd ,1.3150551,103.8730623
Jln Hikayat ,1.4381043,103.8273961
Rivervale Dr ,1.3872989,103.9045675
Bt Mugliston ,1.3862146,103.8777032
Jurong West St 62 ,1.3404451,103.7009784
Jelapang Rd ,1.3858976,103.7672889
Playfair Rd ,1.3353761,103.8861332
Jln Anggerek,1.3295279,103.8818569
Aroozoo Ln ,1.3537915,103.8828933
Commonwealth Dr ,1.3000361,103.7972929
Jln Hari Raya ,1.3539363,103.8382179
Angsana Ave ,1.3309964,103.87685
Compassvale Bow ,1.3815072,103.8936639
Lor H Telok Kurau ,1.3162713,103.9107491
Bedok Nth Ave3 ,1.3312609,103.9342774
"Sungei Kadut St 2, 3",1.4127972,103.7515621
S'goon Nth Ave 1 ,1.3637712,103.8739389
"Lor 9, 13, 15, 17,19 Geylang",1.3129515,103.8763726
Hume Ave ,1.3570639,103.7673642
East Coast Ter ,1.3109327,103.9226997
Jln Songket ,1.3566713,103.8864443
Braddell Hill ,1.3417915,103.8414432
Lor Ah Soo ,1.3514714,103.8848961
"Senoko Cres, Dr,Rd",1.4625659,103.8063107
 Bt Mugliston ,1.3862146,103.8777032
 Neram Cres,1.3856943,103.8671064
Fernvale St ,1.3982639,103.880279
"Sennett Ave, Pl",1.3188487,103.9386538
Pasir Ris Dr 10 ,1.3789458,103.9377105
Jurong East St 32 ,1.3470214,103.7338564
Toh Tuck Rd,1.3397261,103.7661564
Clementi St 11 ,1.3221737,103.7705122
Choa Chu Kang Ctrl,1.3810208,103.7469358
Frankel Ave ,1.3165614,103.9178136
Yishun St 722,1.4258862,103.828917
Gilstead Rd,1.317167,103.8388651
Balmoral Rd,1.3152916,103.8326716
Verde Pl,1.3918652,103.7520753
Lor 37 Geylang ,1.3155179,103.8896641
Eastwood Dr ,1.3233243,103.9557363
Guillemard Ln ,1.3101366,103.8808235
Mayflower Way,1.3721632,103.8402875
Ang Mo Kio Ave 2 ,1.3727518,103.8331481
Sunset Vale ,1.3294365,103.7681999
Pulasan Rd ,1.3113672,103.9065825
Bedok Nth St 4 ,1.3321233,103.9397375
Tembeling Rd ,1.3104906,103.9028207
Jln Merdu,1.3912636,103.9002441
Yishun Ave 6,1.432994,103.8453055
Woodlands St 81,1.4414768,103.789208
Lor 20 Geylang ,1.311358,103.8813418
Jln Labu Ayer ,1.3451028,103.8740598
Bedok Ctrl,1.3257572,103.9335975
Wallich St ,1.2775271,103.8459893
Jln Kechot,1.321949,103.9068222
Kensington Pk Rd,1.3667825,103.8664548
Ho Ching Rd ,1.3344133,103.7240854
Kaki Bt Ave 1,1.3347731,103.9077134
Hai Sing Cres ,1.3647934,103.8936825
Cranborne Rd,1.3052067,103.8872304
Jurong West St52 ,1.3481732,103.7177667
Cashew Rd ,1.3718515,103.767771
Sembawang Rd ,1.4324759,103.8267299
Onan Rd,1.3110822,103.9004189
Kang Choo Bin Walk ,1.3654852,103.8812503
Segar Rd ,1.3881772,103.7715087
Everitt Rd ,1.3123225,103.9029585
Circuit Lk ,1.3260599,103.8893455
Jln Mastuli ,1.3549868,103.8855151
How Sun Rd ,1.3450732,103.8810355
Bright Hill Cres,1.3560697,103.8324836
"Brighton Ave, Cres ",1.3609691,103.8726472
Maidstone Rd,1.3051529,103.7759969
Sembawang Cl,1.4474377,103.8173942
Boon Lay Ave ,1.3469855,103.7103633
Hougang St 21,1.358001,103.8857472
Kovan Rd,1.3586256,103.8813575
Jln Bt Merah ,1.2835601,103.8193897
Guillemard Cres ,1.3093205,103.8808856
Jln Keruing,1.3842695,103.8738796
Lim Teck Boo Rd ,1.3434379,103.8848304
MacPherson Rd ,1.3312078,103.8789855
Grace Pk,1.3576617,103.8688217
Lor 20 Geylang,1.311358,103.8813418
Pk Villas Green,1.3679257,103.8794579
Jln Ulu Sembawang ,1.417346,103.7903307
"Daisy Ave, Rd",1.3448137,103.8668251
Jurong West St65 ,1.339965,103.7010383
Woodlands Ave4 ,1.4381579,103.7957198
Admiralty Lk ,1.4621264,103.8144714
Jln Kuang ,1.3469083,103.9611174
Yung Ho Rd ,1.3264946,103.7231157
"Kew Cres, Walk",1.3186212,103.9498788
"Chuan Dr, Lk, Pl",1.3603904,103.8668733
Mandai Est,1.4069266,103.7587164
Chuan Hoe Ave ,1.3644628,103.8761639
Boundary Cl ,1.3592556,103.8597847
Bishan St 12 ,1.3462578,103.8508062
Jurong West St73 ,1.3471723,103.699818
Court Rd ,1.2884308,103.8458053
"Jln Kelichap, Jln Lokam ",1.3468834,103.8813653
Jln Selamat ,1.3250068,103.9154903
Kampong Ampat ,1.3344742,103.8830791
Ubi Ave 1,1.3262572,103.8980834
Tampines Ctrl 7 ,1.3581378,103.9400907
Woodlands Industrial Pk E5,1.4514048,103.7951552
Anchorvale Ln ,1.3924246,103.8855334
Kg Ampat ,1.3344742,103.8830791
BoscombeRd ,1.3056791,103.8949486
Lucky Hts,1.3175152,103.9408532
Jln Tarum,1.3738957,103.8315861
"Fulton Ave, Rd ",1.3618304,103.8337428
Hythe Rd ,1.3681539,103.8673828
Strathmore Ave ,1.2937362,103.8099224
"Duku Ln, Pl ",1.3098494,103.9068991
Lincoln Rd,1.3151667,103.8428241
Lor 14 Geylang ,1.311298,103.8791603
"Bedok Cl, Rise, Rd, Ter ",1.326285,103.9496499
Highgate Cres ,1.3401313,103.7660423
Yishun Ave 7 ,1.4386091,103.8333688
Bedok Rd ,1.3264714,103.9512968
Hougang Ctrl ,1.3711415,103.8926156
Geylang Rd ,1.3134257,103.8837629
Eng Kong Ter ,1.336585,103.7695001
Dunbar Walk ,1.3126061,103.9166691
Woodlands Ave 4,1.4381579,103.7957198
Flora Dr ,1.3565253,103.9653785
Bedok Rise ,1.3263931,103.9482762
Jurong West St 81 ,1.3471387,103.6951024
Lavender St,1.3123505,103.8614704
Sungei Kadut Loop ,1.4139013,103.7436097
"Verde Ave, Grove",1.3908293,103.7515716
Jln Sotong ,1.3084029,103.9116574
"East Coast Rd, Ter",1.3090566,103.9126906
Eunos Ave 3,1.3198598,103.8962698
Woodleigh Cl ,1.33621,103.8682851
Jln Rindu ,1.3457721,103.8769947
"Joo Chiat Ave, Pl, Walk",1.3099091,103.9020269
Ang Mio Kio Ave 10 ,1.366942,103.856596
Phoenix Rd ,1.3765287,103.7573683
Joo Seng Rd ,1.3363406,103.8819507
Lor 6 Toa Payoh ,1.3383922,103.8530122
Simei St 4,1.3420111,103.9559533
Lor 6 Geylang,1.3103297,103.8766646
Tah Ching Rd,1.3375173,103.7230735
Paya Lebar,1.3516087,103.899516
Chestnut Gdns ,1.3691931,103.7685616
Pasir Ris Dr 4 ,1.3735869,103.9609009
"Lor 4, 6, 7Realty Park",1.3393676,103.8507177
Upp Changi Rd,1.3374077,103.9595225
"Bedok Pl, Rd ",1.325597,103.953595
Westwood Ave,1.3511997,103.6990227
Yung Sheng Rd ,1.3341693,103.7214448
Ubi Ave 4,1.3339812,103.893899
"Robin Cl, Walk ",1.3184252,103.8272704
Geylang East Ave 2 ,1.3176923,103.8887758
Jurong West St 75 ,1.3480635,103.6998901
Gerald Dr,1.3843675,103.8774573
Jurong West Central 1 ,1.342604,103.7054434
"Parry Ter, View",1.3666472,103.8782336
"Tai Keng Gdns, Ter",1.3472032,103.8849541
Jln Kakatua,1.3443276,103.7662525
Ang Mo Kio Ave 10,1.366942,103.856596
Poh Huat Rd West ,1.3675692,103.8775691
Seagull Walk,1.3462844,103.9644666
Highland Rd ,1.3578343,103.8788724
Buangkok View,1.3821015,103.8851286
Bukit Batok West Ave 4 ,1.3627196,103.7470249
Woodlands St 41 ,1.4293302,103.7731592
Jln Kurnia,1.3449852,103.8835044
1Hythe Rd ,1.366549,103.867304
Tampines St 73 ,1.3578353,103.9333492
"Bedok Rise, Ter ",1.3263931,103.9482762
Bt Batok St 21 ,1.3464976,103.7533512
Compassvale Walk ,1.3894637,103.8985067
Bishan St 12,1.3462578,103.8508062
Lor 13 Geylang ,1.3131134,103.8775546
"Lor 6, 8 Geylang",1.3114014,103.8762991
Tampines St 84,1.3526996,103.9324682
Tanah Merah Kechil Rd South ,1.3217884,103.9466776
Eunos Cres,1.3215095,103.9037357
Woodlands St 31 ,1.4304843,103.774978
Katong Rd ,1.3078724,103.8952083
Bedok Industrial Pk E ,1.3360729,103.9500561
Kampong Arang Rd ,1.3001369,103.8822052
Pasir Ris Dr 6 ,1.3720207,103.9567674
Jln Keli ,1.3552377,103.8346
Lor 24 Geylang,1.3122073,103.8833391
Simei St 3 ,1.3418992,103.9532374
Somapah Rd ,1.3395866,103.9629789
Rangoon Rd ,1.3150733,103.8537158
Yishun St 61 ,1.4205827,103.8377255
"Jln Kelichap, Jln Lokam",1.3468834,103.8813653
Lorong Marican ,1.3221269,103.9083895
Jln Simpang Bedok ,1.3331203,103.9464341
Tanglin Halt Rd,1.3021663,103.797285
Jln Pelatina ,1.3509368,103.8346689
Ubi Rd 1,1.3295985,103.8922267
Grange Rd ,1.2997186,103.8307763
Cheng Soon Cres ,1.3363084,103.7725246
Fort Rd ,1.2983375,103.8854793
Jln Kenarah ,1.384732,103.8710814
Daisy Ave ,1.3448137,103.8668251
"Bedok Ln, Rd, Walk",1.3288153,103.9479887
Geylang EastAve 1 ,1.3170783,103.8853186
Sembawang Cres,1.4447308,103.8167416
Jurong WestAve 1 ,1.3510503,103.7209407
Tampines St 24 ,1.3553387,103.9517559
Jln Isnin ,1.3530929,103.837176
How Sun Cl ,1.3435433,103.8812554
Marine Vista ,1.3065755,103.9207448
Faber Dr ,1.3191653,103.7591298
College Ave East,1.3065691,103.7738555
"Siglap Rd, Dr",1.313587,103.923105
Tanah Merah Kechil Rd ,1.328329,103.9437666
Jln Tanah Puteh ,1.3161739,103.9306753
Wilby Rd,1.3319315,103.788757
Compassvale Rd ,1.3903189,103.897468
Yishun St 11 ,1.4322458,103.8328129
Jln Tenteram,1.3270591,103.8594238
"Frankel St, Walk",1.3167048,103.916287
Cairnhill Rd ,1.3067162,103.8373289
Gangsa Rd ,1.3778066,103.7663345
"Verde Ave, Grove, Pl, Walk",1.3908293,103.7515716
Seletar Hills Dr,1.3852143,103.874881
Admiralty Rd West,1.4560244,103.7986363
"Kings Dr, Rd",1.3193424,103.8065862
"Eng Kong Cres, Gdn, Ter",1.3354922,103.7690988
Cornwall Gdns ,1.3162359,103.8009036
Seletar West Farmway 6,1.397646,103.8653545
WoodlandsCres ,1.4468524,103.8024146
Jln Kelabu Asap ,1.3106587,103.7977679
Jln Chulek ,1.3663575,103.8678792
Simei St 1 ,1.3455308,103.9543763
Lentor Loop ,1.3873431,103.8373195
Joo SengRd ,1.3363406,103.8819507
Pemimpin Dr ,1.3526759,103.8421838
Hougang St 22,1.3556597,103.8909906
Nth Bridge Rd,1.2989282,103.8559489
Bukit Timah Rd ,1.3228014,103.8151035
Pasir Ris St 72 ,1.3803551,103.9364814
Corporation Rd,1.3380754,103.717018
Pearl Bank ,1.2825919,103.8398038
Colchester Grove ,1.3579888,103.8673666
Compassvale Dr ,1.3878883,103.8969344
Morning Glory),1.3528118,103.7261563
Hougang Ave 10 ,1.3730673,103.8918396
Punggol Field ,1.3994718,103.9056655
Marsiling Cres ,1.4481551,103.7749047
Jln Krian ,1.3241777,103.9157679
Woodlands St 4 ,1.4334888,103.7797903
Tanglin Halt Rd ,1.3021663,103.797285
Joo Chiat Ter ,1.3148068,103.9028814
Yunnan Dr 1 ,1.3377248,103.6912061
St George's Rd ,1.3231352,103.862383
Chun Tin Rd ,1.3419378,103.7738584
Paya Lebar Way,1.322783,103.8835465
Marine Drive ,1.3038407,103.9088286
Kaki Bt Pl ,1.3352173,103.9036946
"Mei Hwan Dr, Rd",1.3538357,103.8604674
Choa Chu Kang Dr ,1.3942119,103.7464157
"Eastwood Dr, Green, Rd, Ter, Walk, Way ",1.3233243,103.9557363
Macpherson Ln ,1.3319148,103.885179
Jln Batai ,1.3708496,103.8287973
Chu Yen St,1.3584215,103.7587918
Kurau,1.3122916,103.9108615
Tyrwhitt Rd,1.3108543,103.8596446
Tampines Ave 2 ,1.3495895,103.9497808
Punggol Central ,1.4022904,103.9070022
Tampines Ave 9 ,1.3603012,103.9433478
Woodlands Ind Pk E1 ,1.454204,103.7975007
Pillai Rd ,1.3472766,103.8797163
Jln Eunos ,1.3241077,103.9054983
Tuas South Way,1.2692032,103.6292673
Lor 33 Geylang ,1.3152493,103.8877557
Lor 8 Geylang,1.3104433,103.87721
Simon Pl,1.3648116,103.883775
Seletar Nth Lk,1.4244523,103.8843781
Jln Pergam ,1.3444372,103.9615256
Woodleigh Pk,1.3401437,103.8671466
"Tai Hwan Ave, Cl, Htgs",1.3570536,103.8616578
Charlton Rd,1.3549226,103.8817505
Kang Choo BinRd ,1.3655628,103.8821499
Amber Rd,1.3000032,103.9000674
Jln Novena Barat ,1.3230337,103.8422019
"Lor 7, 9Geylang ",1.3125935,103.8758157
Fowlie Rd ,1.3066601,103.9027949
Jln Limau Nipis ,1.3247578,103.9479966
Keppel Bay Dr ,1.2660771,103.8165448
Cowdray Ave ,1.3673206,103.864748
Jln Sendudok ,1.4440746,103.825111
Bishan St 13 ,1.3497297,103.8536992
Golden Rise ,1.3364179,103.7648482
Yuk Tong Ave,1.3447663,103.7728106
Lengkong Dua ,1.3258695,103.9120939
Toa Payoh Ctrl ,1.3342561,103.8490435
Sembawang Rd,1.4324759,103.8267299
Pasir Ris Grove ,1.371058,103.9452663
Gloucester Rd ,1.3129226,103.8520501
Bishan St 15,1.3519257,103.8510558
Jln Joran,1.3853739,103.8693914
Jln Ishak ,1.3250147,103.9078138
Ipoh Ln,1.3117833,103.8955874
S'goon Gdn Ter ,1.365551,103.866409
Kasai Rd,1.3864521,103.8663883
"Lor 16, 20, 22 Geylang ",1.3118313,103.8795779
Tai Yuan Hts,1.359218,103.869221
"Begonia Ln, Ter ",1.3863362,103.8616866
Neram Rd,1.3842729,103.8678061
Punggol Field Walk ,1.3919511,103.9125735
Bedok Nth Ave 4 ,1.3349588,103.9435684
S'goon Ctrl ,1.349128,103.8734316
Bright Hill Rd ,1.3620529,103.8355253
West Coast Dr ,1.3138283,103.7593183
Woodlands Dr 14 ,1.4316858,103.7915305
Bedok Ln ,1.3236038,103.9273405
Simei St 3,1.3418992,103.9532374
"Yunnan Dr 1, Rd, Walk 1, Walk 3",1.338483,103.69212
Lor 28 Geylang ,1.31212,103.8855967
Trevose Cres ,1.3266707,103.8225016
Jurong WestAve 3 ,1.35189,103.7046678
Hougang Ave 4,1.3713523,103.8880588
Brockhampton Dr ,1.3605748,103.8613466
Kg Arang Rd,1.3001369,103.8822052
Loyang Ave ,1.3737391,103.9746186
Simet St 4 ,1.3420111,103.9559533
Jln Batu ,1.3023101,103.882881
Thomson Walk,1.3765499,103.8326719
Koon Seng Rd,1.3115593,103.9042873
Buckley Rd ,1.3174266,103.8403998
Bencoolen St ,1.2999856,103.8512486
Choa Chu KangAve 1 ,1.3767075,103.7450031
Hougang St 91 ,1.3771029,103.8821387
Recreation Rd ,1.35221,103.8749385
Anchorvale Lk ,1.395122,103.8886654
Arthur Rd,1.3017751,103.8880084
"Almond Ave, Cres",1.3716332,103.7733887
Kim Tian Rd ,1.2825306,103.8276362
Rochdale Rd ,1.3434245,103.883786
King Georges Ave ,1.3088806,103.86064
Dunman Rd,1.3095418,103.8961544
Kaki Bt Rd ,1.3343353,103.90219
Merryn Rd,1.3263411,103.8246563
"Parry View,Walk",1.3658545,103.8790057
Lompang Rd ,1.3799539,103.7654855
Kitchener Rd ,1.3097324,103.8573824
Chempaka Kuning Lk ,1.3310976,103.9495789
Corporation Drive ,1.3330012,103.7231731
"Yunnan Cres, Dr 2, 3",1.3359454,103.6914418
"Bedok Ln, Walk",1.3288153,103.9479887
Woodlands Ave 5 ,1.4350934,103.7924502
Bishan St 22,1.3573661,103.8452482
Yishun St 71 ,1.4271375,103.829576
Bt Batok St 52,1.3563858,103.7533106
Jln Rajah ,1.3279521,103.8513285
Lor 27 Geylang ,1.3149187,103.883722
McNair Rd,1.3200278,103.8585331
Cairnhill Circle ,1.3069563,103.8383728
Pasir Ris Dr 3,1.37497,103.9516458
Lor Kismis,1.3373826,103.7683168
Woodlands Sector 1,1.4543809,103.8079027
Chai Chee Ave ,1.3250333,103.9246368
Chiltern Dr ,1.3487814,103.8634693
Bedok Industrial Pk E,1.3360729,103.9500561
Butterfly Ave ,1.3339342,103.8767922
"Yunnan Dr 1,Rd",1.3377248,103.6912061
Ang Mo Kio Ind Pk 2,1.3743588,103.8626315
"Joo Chiat Pl, Ter",1.3099091,103.9020269
Belgravia Dr ,1.3796432,103.8648233
Eunos Road 5 ,1.3204327,103.8961606
Fernvale Cl,1.3944623,103.879961
Jln Angklong ,1.3629732,103.8288192
Parry Ter ,1.3666472,103.8782336
Yishun Ave 2 ,1.4259474,103.8350426
Kurau Ter ,1.3119979,103.9155907
Joo Chiat Rd,1.3099091,103.9020269
Huddington Ave ,1.3677293,103.8651785
Pasir Panjang Rd ,1.281157,103.7845215
Martaban Rd,1.3230789,103.8503793
Woodlands Circle,1.4444853,103.798085
Faber Dr,1.3191653,103.7591298
Boon Lay Ave,1.3469855,103.7103633
S'goon Central Drive ,1.3546564,103.8716088
"Eastwood Dr,Green, Pl, Ter,Way ",1.3233243,103.9557363
"Peirce Dr, Rd",1.3069747,103.8070479
"Lor 5, 6 Rea",1.3336887,103.8531666
Elliot Walk ,1.3120834,103.9313856
Clementi Ave 4,1.3185378,103.766091
Jln Sahabat ,1.358028,103.879544
"Bt Purmei Rd Blk 109, 115)",1.2739482,103.8252941
Boon Lay Drive ,1.3437874,103.7127992
Yishun St 51 ,1.4164431,103.8435347
Bt Batok EastAve 4 ,1.349414,103.7583806
"Lor 32, 34Geylang ",1.3127845,103.8869213
Chiku Rd ,1.3141366,103.9056005
Tampines St 23,1.3537876,103.9533691
Somapah Rd,1.3395866,103.9629789
Hillside Dr,1.3577472,103.8773652
Tai Seng Lk,1.3358756,103.8877164
Lengkong Tiga,1.3243821,103.91147
 Changi Rd ,1.3182725,103.9085841
Mergui Rd ,1.317029,103.8522969
Jln Dondang Sayang ,1.3102669,103.9209931
Chai Chee St ,1.328435,103.9226395
"Toh Tuck Dr, Rd",1.3410807,103.7704562
Lor 17 Geylang ,1.31402,103.8786145
Jln PutehJerneh ,1.3092209,103.7983258
Jln Berseh ,1.3073383,103.8574027
Jln Hock Chye ,1.3590535,103.8903717
Brookvale Dr,1.3296595,103.7686661
"Holland Hill, Rd",1.3101736,103.8016408
Bt Batok WestAve 5 ,1.3585255,103.7425132
Woodlands Ave 6,1.4387944,103.8030299
Carlisle Rd ,1.314383,103.8480691
Flander Sq ,1.3125518,103.8577278
Circuit Rd ,1.3263918,103.8883199
Redhill Ln ,1.288099,103.8187299
Pasir Ris Gr,1.371058,103.9452663
How Sun Close Quemoy Rd ,1.3443307,103.8810911
Whitchurch Rd,1.2936496,103.7975174
Bedok Nth Rd,1.330635,103.9303281
Kew Hts,1.3195451,103.9491241
Woodlands Dr14 ,1.4316858,103.7915305
Bt Timah Rd ,1.3228014,103.8151035
Happy Ave Nth,1.3310599,103.8810156
Pasir Ris St 13 ,1.3634402,103.9616212
Lor L Telok Kurau,1.3119655,103.9118591
"Lucky Hts, View ",1.3175152,103.9408532
Jln Ulu Siglap,1.31458,103.927812
Pasir Ris Lk,1.3720937,103.9473728
Sembawang Pl ,1.4387513,103.8247125
"Lor 25A, 27, 27AGeylang",1.3142892,103.8831075
Kallang Bahru ,1.3179783,103.866604
"Pk Villas Green, Ter",1.3679257,103.8794579
Jln Rabu ,1.3534165,103.8374688
Belimbang Rd ,1.3238142,103.8861799
Jln Sembilang,1.3560091,103.8350375
Upp S'goon Rd,1.349128,103.8734316
Flora Drive,1.3565253,103.9653785
Woodlands Dr 16 ,1.4300615,103.7945328
Crawford Ln ,1.3050562,103.8624671
Lor 7 Toa Payoh,1.3373559,103.8563814
"Happy Ave Nth, East ",1.3310599,103.8810156
Pemimpin Pl,1.3538161,103.8426566
Cassia Cres ,1.3098219,103.8845413
"Eng KongCres, Gdn",1.3354922,103.7690988
Jln Tua Kong ,1.3155361,103.9257955
Nallur Rd ,1.3123104,103.9321836
Jln Bangsawan,1.3214992,103.9236348
 Shunfu Rd ,1.3519757,103.8374493
Woodlands Ave 4 ,1.4381579,103.7957198
Tai Keng Gdns,1.3472032,103.8849541
Hougang Ave 3 ,1.3524666,103.8908204
Cairnhill Circle,1.3069563,103.8383728
Yishun St 72 ,1.4267849,103.8326604
Loyang Besar Cl ,1.3780874,103.9583704
Vaughan Rd 3,1.3468243,103.8709007
Boundary Rd ,1.3556455,103.8718769
Butterfly Ave,1.3339342,103.8767922
Lor 26 Geylang,1.3121097,103.8848676
Jln Dusun ,1.3276932,103.8438951
"Kew Ave, Cres",1.3208117,103.9477203
"Lor 1, 4 Realty Pk",1.3682475,103.889252
"Yunnan Cres, Dr 3",1.3359454,103.6914418
Lor 1 Toa Payoh,1.3397621,103.8481821
Jln Limau Bali,1.3231009,103.9484145
Jelebu Rd ,1.379458,103.7641004
Lengkok Mariam,1.3630357,103.9693674
Teck Whye Ln,1.3788984,103.7526191
Jln Bunga Rampai ,1.3397143,103.8834245
"Lor 32, 34, 36 Geylang",1.3127845,103.8869213
S'goon Gdn Dr,1.365551,103.866409
Holland Ave ,1.3090088,103.7950497
Elliot Rd,1.3120178,103.930608
Tampines St 22 ,1.3490889,103.9510797
Parliament Pl ,1.2896979,103.8506629
Siglap Hill ,1.3201952,103.9180629
Bedok Reservoir Cres ,1.3368264,103.936717
"Lor 24, 24A, 26, 28, 32 Geylang ",1.3120303,103.8833462
Maude Rd ,1.3080797,103.8582491
"Lor 17, 21 Geylang",1.3134391,103.878668
Hougang Ave 1 ,1.3544184,103.889824
Woodlands St 81 ,1.4414768,103.789208
Moonstone Ln ,1.3277062,103.8659308
Cheviot Hill ,1.3162292,103.9213094
Lentor Green,1.3862333,103.8374074
Bedok Ria Ter,1.3256588,103.9542885
Joo Chiat Pl,1.3143557,103.9068343
"Marsiling Ind Est Rd 1, 9",1.4411975,103.781389
Tampines St 71 ,1.3578353,103.9333492
Rd ,1.3054637,103.8251528
Peakville Walk,1.3332364,103.9443987
Kaki Bt Ave 2 ,1.3365939,103.9009088
"Joo Hiang Rd, Serangoon Central ",1.353078,103.8750824
Marine Parade Rd,1.3073706,103.9179643
Woodlands Dr 71 ,1.4397727,103.8002157
Lor K Telok Kurau,1.3130423,103.9116196
West Coast Cres,1.2980115,103.7656587
Jln Lengkok Sembawang ,1.4282028,103.8255353
Yishun St 21 ,1.4331065,103.8368577
Lor Puntong ,1.3604507,103.8308142
Gilstead Rd ,1.317167,103.8388651
Kg Eunos,1.3188683,103.9065195
Branksome Rd,1.3035753,103.891135
Brighton Cres ,1.3621374,103.8704052
"Goldhill Ave, Dr",1.3207212,103.8329972
How Sun Dr ,1.344532,103.8789432
Upp S'goon Cres ,1.349128,103.8734316
Woo Mon Chew Rd,1.3153401,103.9294957
Ang Mo Kio Ave3 ,1.3689086,103.8572848
Metropole Drive,1.3215861,103.9255817
Parkstone Rd ,1.3065856,103.8948834
Kim Chuan Dr,1.340424,103.891245
"Lor 25A, 27,27A Geylang",1.3142892,103.8831075
Kim Tian Pl,1.2832909,103.8286676
Sgn Ave 1 ,1.3546564,103.8716088
Jln Grisek ,1.324459,103.9179367
Chai Chee Dr ,1.3240811,103.9191646
Surin Ave ,1.3560139,103.8835131
Queen St ,1.2995426,103.8534866
Kerong Ln ,1.4595838,103.8387767
"Lor 4, 5, 6, 7 Realty Pk",1.3686791,103.8876476
Woodlands Dr 52 ,1.4340433,103.7994684
Boscombe Rd ,1.3056791,103.8949486
Jurong East St 24 ,1.34344,103.7401204
"Lor 9,13,15, 19Geylang",1.3129515,103.8763726
Yishun Ave 9,1.4339149,103.841806
Tg Rhu Rd ,1.2973043,103.8764649
Arozoo Ave ,1.3553669,103.8853119
Boon Keng Rd,1.3153712,103.8645024
Jln Bahagia ,1.327168,103.858069
Jln Keris ,1.3101355,103.9195489
Bt Batok West Ave 5 ,1.3585255,103.7425132
Tampines St 91,1.348355,103.9391248
Ruby Ln,1.3275419,103.8670246
Beatty Rd ,1.3139768,103.8584703
Eng Kong Cres,1.3354922,103.7690988
Gladiola Dr ,1.354837,103.8288664
Choa Chu Kang Nth 5 ,1.3919048,103.7467749
Chai Chee Rd,1.325311,103.9232153
Harvey Rd,1.3334982,103.8844686
Kensington Pk Rd ,1.3667825,103.8664548
"Verde Ave, Cres, Grove, Pl, Walk",1.3908293,103.7515716
River Valley Rd,1.2955326,103.8378235
Jln Satu ,1.3092984,103.8867443
Lakeside Dr,1.3426768,103.7200945
Commonwealth Ave West ,1.3125415,103.7747404
S'goon Ave 3 ,1.349128,103.8734316
Coronation Rd ,1.3218636,103.8053262
Jurong West St 65,1.339965,103.7010383
Miltonia Cl ,1.4178261,103.8477547
Lengkok Bahru,1.2869338,103.8137417
Parry View,1.3658545,103.8790057
Marine Parade Rd ,1.3073706,103.9179643
"Lor M, N Telok Kurau",1.3098618,103.9119077
Macpherson Rd,1.3312078,103.8789855
Crescent Rd ,1.3037597,103.8931542
"Aroozoo Ave,Ln ",1.3553669,103.8853119
Bt Teresa Cl ,1.2764908,103.8255179
Cheng Soon Cres,1.3363084,103.7725246
Belilios Rd ,1.3080335,103.8519289
"Eunos Ave 7, 7A",1.3229772,103.8980792
"Eng Kong Cres, Gdn",1.3354922,103.7690988
"Pasir Ris Hts, View ",1.3822466,103.941623
Fidelio St ,1.3190956,103.9229971
Yishun Ave 11,1.4246671,103.8446169
Colchester Gr,1.3579888,103.8673666
Ang Mo Kio Ave 3 ,1.3689086,103.8572848
Kang Ching Rd,1.3390798,103.7219436
"Toh Dr, Hts",1.3642011,103.973161
Pasir Ris St 21,1.3682576,103.9621864
Shunfu Rd ,1.3519757,103.8374493
"Westwood Ave, Walk",1.3511997,103.6990227
"Lor 30, 32Geylang",1.3124422,103.8862583
Jurong West St42 ,1.3532078,103.721804
Jln Senang,1.3251828,103.9162698
"Lor G, H TelokKurau",1.315744,103.905861
Defu Ln 1 ,1.3611206,103.9009826
Lim Tua Tow Rd,1.3547084,103.8761809
Chestnut Ave ,1.3707347,103.7767915
Terang Bulan Ave,1.3217871,103.9224923
Tampines St 41,1.3588468,103.9486549
Lor 4 Toa Payoh ,1.3356245,103.8507619
Toa PayohCentral ,1.3342561,103.8490435
Moulmein Rd ,1.3190387,103.8484221
Almond St,1.3714839,103.772803
Silat Ave ,1.2764278,103.8305724
College Ave East ,1.3065691,103.7738555
Hougang Ave 9,1.3750117,103.8810633
Lor 35 Geylang ,1.3153115,103.8884972
Corporation Road ,1.3380754,103.717018
"Lor 6, 7 Realty Pk ",1.3684442,103.8876375
Bukit Batok St 32 ,1.3626863,103.7484007
Tampines St 81 ,1.3483827,103.933707
White House Pk,1.3161505,103.8226734
Florence Rd ,1.3656622,103.8859105
Langsat Rd,1.3153841,103.9028984
KensingtonPark Dr,1.3678191,103.8696678
How Sun Dr,1.344532,103.8789432
Jln Raja Udang ,1.3271319,103.8423411
Clementi West St 2 ,1.3036513,103.7627819
Sims Ave ,1.3160559,103.887811
"223B, 223C,Compassvale Dr",1.3870119,103.8996459
Corporation Walk ,1.339587,103.718445
Chuan Dr ,1.3603904,103.8668733
Bedok Ter ,1.325398,103.9479961
Teban Gdns ,1.3206924,103.7397778
Guan Soon Ave ,1.3378585,103.9536234
Woodlands Dr 62 ,1.4394069,103.8052876
"Joo Chiat Rd,Ter",1.3099091,103.9020269
Dafne St ,1.321247,103.9262703
Goodman Rd ,1.3044379,103.8907701
Ong Lye ,1.3479061,103.8790427
Park VillasRise ,1.3680231,103.8779298
Pasir Ris St 71 ,1.3755676,103.9373989
"Lor 13, 15 Geylang",1.3131734,103.8774563
Wimborne Rd,1.3048558,103.8860012
Sturdee Rd ,1.3128073,103.8586266
Pulasan Rd,1.3113672,103.9065825
Tampines St 83 ,1.353207,103.9344639
"Hougang Ave 3, Hougang Ave 3 ",1.3524666,103.8908204
Jln Setia ,1.3333961,103.8803534
Lor 31 Geylang,1.3149521,103.8869017
Jln Kemuning ,1.4396262,103.8266164
Fedelio St ,1.3190956,103.9229971
Toa Payoh Nth ,1.3416825,103.8493198
"Eng Kong Cres,Rd ",1.3354922,103.7690988
Jln Chorak ,1.3606173,103.8814023
"Bright Hill Cres, Dr ",1.3560697,103.8324836
Toh Cl ,1.3637923,103.9711281
Jln Suka ,1.3122073,103.8833391
Clover Cres,1.3507903,103.8447944
Bishan St 23 ,1.3561586,103.8475747
Bayshore Rd,1.3132123,103.9403992
"Bedok Rd, Walk",1.3264714,103.9512968
Lor Pisang Emas,1.3439384,103.7715726
Clementi St 13 ,1.3235932,103.7711366
Sector C Sin Ming Ind Est ,1.3583677,103.8380961
Teban Gdns Rd ,1.3220012,103.7414853
Ang Mo Kio Ave 9 ,1.3801387,103.8476659
Telok BlangahDr ,1.2728149,103.8083695
Langsat Rd ,1.3153841,103.9028984
Lor K Telok Kurau ,1.3130423,103.9116196
Tampines St 33 ,1.352159,103.9600783
Woodlands St 41,1.4293302,103.7731592
East Coast Rd,1.3090566,103.9126906
"Eastwood Green, Ter, Way",1.3228039,103.9561328
Jurong East St 21,1.3369686,103.7433703
Upp Aljunied Ln ,1.3342403,103.8795896
Usaha ,1.3454324,103.883258
Bedok Nth St 3 ,1.3328828,103.9265444
"Senoko Cres, Dr, Rd",1.4625659,103.8063107
Aroozoo Ave ,1.3553669,103.8853119
Joo Chiat Pl ,1.3143557,103.9068343
Selegie Rd ,1.3030725,103.850061
Jln Chermai ,1.3859289,103.8728598
Canberra Rd,1.4515959,103.8206272
Bt Batok West Ave 9 ,1.3547991,103.7418879
Casuarina Walk ,1.3763009,103.8269126
Marymount Ter ,1.349949,103.8402324
Woodlands Dr 53 ,1.4323921,103.7971953
"Jln Gelenggang, Tarum ",1.3746426,103.8302701
Florence Rd,1.3656622,103.8859105
Tampines St 45,1.3591474,103.9577982
Clementi Ave 6 ,1.3231635,103.7642054
Tampines Ave 5 ,1.3503014,103.941492
Neram Cres,1.3856943,103.8671064
Choa Chu KangSt 62 ,1.39885,103.746659
Bedok Nth St 5,1.336137,103.946789
Bloxhome Dr,1.3624968,103.8625588
Vaughan Rd,1.3472508,103.8710779
Clementi Ave 3 ,1.313797,103.7634959
Fernwood Ter ,1.3096585,103.9246045
"Cashew Cres, Lk ",1.3714452,103.7694569
Haig Ave ,1.3079487,103.8993598
Pesari Walk ,1.3245905,103.954204
Dakota Cres ,1.3065326,103.8859887
Kaki Bukit Ave 3,1.3373461,103.9088085
Mei Hwan Dr ,1.3538357,103.8604674
Choa Chu Kang Ave 2,1.3783588,103.7427563
Pasir Ris St 41 ,1.3727321,103.9588154
Gangsa Rd,1.3778066,103.7663345
Lor 40 Geylang,1.3134095,103.8898491
Almond Cres ,1.3730839,103.7730664
Marshall Rd ,1.3065054,103.9013515
Choa Chu Kang St 64 ,1.397576,103.750071
Irrawaddy Rd,1.3228957,103.8455712
Petir Rd ,1.3748748,103.7709517
Stamford Road,1.2936965,103.8519039
Joo Chiat Ave ,1.3159035,103.9116366
Jln Sempadan ,1.3123429,103.9273523
S'goon Ave 2 ,1.349128,103.8734316
Bedok Nth Ave 1,1.3283757,103.9267275
Choa Chu Kang Ave 1,1.3767075,103.7450031
"Lor 4, 8, 10, 12,16 Geylang",1.3118252,103.8798479
Jurong West St 64,1.3415002,103.7032926
Ah Soo Gdn,1.3502098,103.8835225
Vernon Pk,1.338838,103.8763884
Tanjong Katong Rd,1.3078724,103.8952083
Dryburgh Ave ,1.3165154,103.9211906
Bedok Walk ,1.3306126,103.9470657
Alnwick Rd ,1.364702,103.8682376
Yio Chu Kang Rd ,1.3913524,103.8565907
Tanah Merah Kechil Rise,1.3298334,103.9446329
Lowland Rd ,1.361151,103.8832573
Woodlands Ind Pk E5,1.4514048,103.7951552
Fernvale Cl ,1.3944623,103.879961
Joon Hiang Rd ,1.353078,103.8750824
"Sungei Kadut St 1, 2",1.4096138,103.7492571
Rosewood Dr,1.4295215,103.7853307
Jln Lembah Thomson ,1.3526332,103.8326536
Jln Limau Purut,1.3233262,103.9477789
Kew Dr ,1.3204241,103.9506355
Sembawang Walk ,1.4447308,103.8167416
Jln Sayang ,1.3217141,103.9151403
Punggol Ctrl ,1.4022904,103.9070022
Lor 108 Changi,1.3167547,103.904547
Belimbing Ave ,1.33256,103.8767869
Akyab Rd ,1.3237062,103.8485342
Parry Ter,1.3666472,103.8782336
Kian Teck Ave ,1.3306239,103.6934654
Bt Batok St 11,1.349818,103.7433344
Jln Menarong ,1.3710454,103.8303511
Handy Rd,1.2996254,103.8464005
Tampines St 32,1.3537995,103.9579087
Upp S'goon View ,1.349128,103.8734316
Woodlands Dr 44 ,1.4314329,103.7944937
Nth Coast Ave,1.452004,103.7903288
Race Course Rd ,1.3116598,103.8530096
Puay Hee Ave ,1.3316698,103.8711799
Chander Rd,1.308705,103.8517843
Jurong West St 42 ,1.3532078,103.721804
Riverina View,1.3790386,103.9454863
Lor J Telok Kurau ,1.3140655,103.9109188
Anchorvale Link,1.3920408,103.8901
Jln Sembilang ,1.3560091,103.8350375
Pearl's Hill Ter,1.2832831,103.8413392
Woodlands Rd ,1.4092225,103.7559021
St Patricks Rd,1.3080632,103.912676
Sungei Tengah Rd,1.3919346,103.7299388
Shan Rd,1.3255926,103.8464916
"Lor 6, 8 Geylang ",1.3114014,103.8762991
Choa Chu KangAve 2 ,1.3783588,103.7427563
"Pasir Ris Dr 4, Lk",1.3735869,103.9609009
Haig Rd ,1.3094682,103.8977379
Farrer Dr ,1.3147724,103.8065877
West Coast Cres ,1.2980115,103.7656587
Claymore Rd,1.3076158,103.8303372
Chestnut Dr ,1.3692511,103.7695212
"Bedok Ln, Rd, Walk ",1.3288153,103.9479887
Dix Rd ,1.360537,103.8762414
"Bedok Ria Cres, Pl",1.326854,103.9531946
Tampines St 23 ,1.3537876,103.9533691
Balmeg Hill ,1.2827035,103.7828921
Tampines St 42,1.3586058,103.9523818
Tampines Street 11 ,1.3455541,103.9469361
Eng Kong Gdn ,1.3343037,103.7690482
"Senoko Cres,Dr, Rd",1.4625659,103.8063107
Jln Mariam ,1.3622256,103.9694691
Bt Batok St 31 ,1.3589162,103.7511175
"Lor 12, 16 Geylang",1.3112602,103.8783433
WoodlandsAve 5,1.4350934,103.7924502
Jln Kechubong ,1.3858384,103.8761856
"Clover Ave, Cres ",1.3508011,103.8439636
Pasir Ris St 51 ,1.367898,103.9525058
Chiap Guan Ave,1.3610156,103.8758142
Bt Batok St 52 ,1.3563858,103.7533106
Saraca Ter,1.3838373,103.8590605
Keppel Bay View ,1.2672993,103.8120058
Geylang East Ave 1,1.3170783,103.8853186
Bishan St 11 ,1.3465053,103.8522641
"Lor 105, 106Changi",1.3450101,103.9832089
Eastwood Green ,1.3222849,103.954845
Jln Singa ,1.3307509,103.9073668
Bowmont Gdns ,1.31433,103.9200577
Choa Chu Kang Ave 5 ,1.3756012,103.7393207
Cardiff Gr ,1.3567776,103.8661493
Beach Rd,1.2991589,103.8589325
Jln Ikan Merah ,1.3546471,103.8348953
Pandan Gdns,1.3206434,103.7484672
Chempaka Ave ,1.3319905,103.8769757
Tagore Ln,1.3854686,103.8284963
Lengkong Empat ,1.3281155,103.9127553
Sgn Nth Ave 1,1.3682021,103.8727501
Westwood Ave ,1.3511997,103.6990227
Cambridge Rd ,1.3149686,103.8485505
JlnTeck Whye ,1.3799998,103.7576493
Defu Ln 3,1.3582965,103.9013425
Ang Mo Kio Ave 3,1.3689086,103.8572848
 Kurau Gr ,1.3118907,103.9150578
Jln Kechubong,1.3858384,103.8761856
Woodlands Dr 40 ,1.4421275,103.7960019
Woodlands Dr 62,1.4394069,103.8052876
Jurong West Ave 5,1.3465681,103.6969139
"Lor 6, 7 Realty Pk",1.3684442,103.8876375
"Lor 24A, 26, 28, 32 Geylang",1.3124236,103.8839383
"Gentle Dr, Rd ",1.3206892,103.8412974
Joo Koon Rd ,1.325691,103.6710587
Jln Rabu,1.3534165,103.8374688
Commonwealth Cres,1.3076629,103.7996916
Lor Biawak,1.3477502,103.8701778
Mackenzie Rd ,1.3056672,103.8483225
Jln Salang ,1.4392762,103.8260038
Jln Lembah Thomson,1.3526332,103.8326536
Pasir Ris St 12 ,1.3666166,103.9587452
Elite Pk Ave ,1.3150496,103.9242988
Hillview Ave,1.3596007,103.7638949
Sgn Central,1.2789227,103.8536113
Peakville Ter ,1.3329403,103.9445869
Yung Ping Rd ,1.3296691,103.7226679
Holland Hill ,1.3101736,103.8016408
Choa Chu Kang Ave 4 ,1.3827764,103.7415944
Upp Changi Rd ,1.3374077,103.9595225
Choa Chu Kang Central ,1.3810208,103.7469358
Compassvale,1.3951499,103.8980618
Jurong West St41 ,1.3482954,103.7232588
Ang Mo Kio Avenue 3<br,1.3689086,103.8572848
CompassvaleDr ,1.3878883,103.8969344
Hougang St21 ,1.358001,103.8857472
S'goon Rd ,1.349128,103.8734316
Lor How Sun ,1.3445429,103.8803556
"Mimosa Cres, Rd, View ",1.385107,103.8629337
373),1.358959,103.750278
Woodlands St 82 ,1.4432749,103.7913931
Corporation Walk,1.339587,103.718445
Duku Rd,1.3094759,103.9050407
Norris Rd ,1.3079755,103.8539017
Rivervale Walk ,1.3835329,103.90074
Compassvale walk ,1.3894637,103.8985067
Anchorvale Link ,1.3920408,103.8901
Tampines Ave 8 ,1.352507,103.9304399
Ang Mo Mio Ave 1 ,1.3636049,103.8473581
Upp S'goon Rd ,1.349128,103.8734316
Bt Teresa Rd ,1.2756815,103.8265166
Jln Anak Bt ,1.3410597,103.7781393
Toa Payoh Central ,1.3342561,103.8490435
West Coast Ln ,1.31298,103.7590349
Choa Chu Kang Ave 3,1.3801285,103.7413747
Hougang Central ,1.3713044,103.89205
Buangkok Green ,1.3793342,103.8826989
Woodgrove View ,1.4279327,103.7763238
Tai Thong Cres,1.3290324,103.8696278
"Bedok Pl, Rd",1.325597,103.953595
Lor 8 Toa Payoh ,1.3397838,103.8564707
Woodlands Ave 5,1.4350934,103.7924502
Serangoon Ave 1 ,1.3475282,103.87513
Siglap View,1.3194029,103.9177449
Marsiling Ln,1.4449026,103.7760819
Enggor St ,1.2742268,103.8442123
Tanah Merah Kechil Lk,1.3295629,103.9461517
Clementi St 12 ,1.3225224,103.7699016
Kee Choe Ave,1.3314649,103.8731039
Bt Batok St 32 ,1.3626863,103.7484007
Jln Buloh Perindu,1.3095314,103.9206941
Mt Rosie Rd,1.3225234,103.8360164
"Simon Ln, Pl",1.3633496,103.8845144
Kent Rd ,1.3162604,103.8521212
Kensington Pk Dr ,1.3678191,103.8696678
S'goon Nth Ave 4 ,1.3735826,103.8733095
Jln Taman ,1.3260412,103.864795
Upp Boon Keng Rd ,1.314381,103.8720873
"Eastwood Green, Pl ",1.3228039,103.9561328
Pine Cl,1.3080564,103.8829232
Verde Cres,1.3903926,103.7508486
Jln Tani,1.3668101,103.884883
Rochor Canal Rd ,1.3034848,103.8556326
Pine Gr ,1.318385,103.7750935
Jln Dua ,1.309026,103.887627
Bencoolen St,1.2999856,103.8512486
Recreation Ln ,1.3516416,103.8746155
Beach Rd ,1.2991589,103.8589325
Bright Hill Dr ,1.3577391,103.8326443
Tampines St 86 ,1.3536318,103.9295529
Tai Seng Dr,1.3380165,103.8933492
Tampines St 91 ,1.348355,103.9391248
Lor 6 Geylang ,1.3103297,103.8766646
Corporation Rd ,1.3380754,103.717018
Bt Batok St 11 ,1.349818,103.7433344
Bedok Nth Ave1 ,1.3283757,103.9267275
Jurong West St 52,1.3481732,103.7177667
Carisbrooke Gr ,1.3586007,103.864978
Kensington Park Dr,1.3678191,103.8696678
Ang Mo KioAve 4 ,1.3763427,103.8394465
Jln Membina ,1.2834914,103.8266828
Opal Cres ,1.3279128,103.8670492
Choa Chu Kang Cres,1.4032103,103.7484734
"Kaki Bt Ave 2, 3 ",1.3366578,103.9009483
Dorset Rd,1.3134015,103.8503232
Bristol Rd ,1.31293,103.8489227
"Kim Chuan Dr, Ter",1.340424,103.891245
Bedok Nth St 3,1.3328828,103.9265444
 Ang Mo Kio Ave 5 ,1.376001,103.8561138
Pasir Panjang Hill ,1.2816073,103.7852915
Jln Usaha ,1.3454324,103.883258
Jln Melati ,1.3290994,103.883073
Shunfu Rd,1.3519757,103.8374493
Pending Rd,1.3762379,103.7710963
Toh Guan Rd East,1.3368715,103.7521614
Jurong West Street 42 ,1.3532078,103.721804
Carpmael Rd,1.3107036,103.8998908
Kaki Bkt Industrial Ter,1.3357532,103.9021851
"Lor L, M Telok Kurau",1.3109464,103.9124768
Dover Rise ,1.3041509,103.7848432
Lor 24 Geylang ,1.3122073,103.8833391
Beo Cres ,1.2891612,103.8270425
Kovan Rd ,1.3586256,103.8813575
Woodlands Ave 9 ,1.4482327,103.7986104
Tampines St 41 ,1.3588468,103.9486549
Kitchener Lk,1.3097324,103.8573824
Marine Ter ,1.3051032,103.9153271
Jurong West St 91,1.3418091,103.6898549
Merryn Rd ,1.3263411,103.8246563
Toh Yi Dr ,1.3380803,103.7716335
S'goon Central ,1.349128,103.8734316
Geylang Bahru,1.3222623,103.8704758
Tampines St 21,1.3516209,103.9496392
Lor J Telok Kurau,1.3140655,103.9109188
Boon Lay Dr ,1.3437874,103.7127992
Tampines St 12 ,1.3499048,103.9450892
Bartley Rd ,1.3441821,103.8762229
Still Rd ,1.3128404,103.9069852
S'goon Ave 2,1.349128,103.8734316
"Ah Soo Gdn, Walk",1.3502098,103.8835225
Toh Guan Rd ,1.3363443,103.7475947
Avon Rd ,1.3052274,103.8901564
Bunga Rampai Pl ,1.3393697,103.8840181
Sommerville Walk ,1.3444279,103.8699947
Almond Ave ,1.3716332,103.7733887
Shelford Rd,1.3274854,103.811185
Tampines Pl ,1.3672202,103.9290702
Bt Panjang Rd ,1.3791024,103.7693155
Yishun St 61,1.4205827,103.8377255
Jln Pelikat,1.3544951,103.8868833
Woodlands Ave 6 ,1.4387944,103.8030299
S'goon Ave 1 ,1.34569,103.877541
Holland Dr ,1.3098788,103.7929035
Margate Rd ,1.2990981,103.8889116
Yishun Ctrl ,1.4263378,103.8405467
Bishan St 24 ,1.3565862,103.844408
"Loyang Rise, View",1.363566,103.9652551
Gerald Cres,1.3869045,103.8761499
Jln Lanjut ,1.3704435,103.8307897
Jln Jurong Kechil,1.3429015,103.7704492
Happy Ave East ,1.3302147,103.8814575
Pasir Ris Link ,1.3770173,103.960499
Hougang Ave 8 ,1.3747735,103.8883372
Cres Rd ,1.3037597,103.8931542
Hong San Walk ,1.3775071,103.7458899
Ang Mo Kio ,1.3691149,103.8454342
River Valley Rd ,1.2955326,103.8378235
Leedon Hts,1.3145179,103.8022928
"Woodlands Lk, Ter",1.4511062,103.8096188
Lor 40 Geylang ,1.3134095,103.8898491
Compassvale Link ,1.3835374,103.8951886
Tampines St 34 ,1.3559002,103.960135
Gray Ln ,1.3124608,103.8931382
Jurong West St 81,1.3471387,103.6951024
Leith Pk,1.3620971,103.8741237
Nim Rd ,1.3815897,103.8627389
St Georges Ln,1.3223134,103.8617541
Jln Hajijah ,1.3134769,103.9356559
Ah Hood Rd,1.3276907,103.8467576
Ang Mo Kio Ave 10 ,1.366942,103.856596
Lor 24A Geylang ,1.312143,103.8840403
"Aroozoo Ave, Ln",1.3553669,103.8853119
Elias Rd,1.3776651,103.9414407
Choa Chu Kang Cres ,1.4032103,103.7484734
Pasir Ris Hts ,1.3822466,103.941623
Bt Batok Ctrl Lk ,1.3500335,103.7491716
Ang Mo Kio Ave 6 ,1.3762298,103.8448176
Pasir Ris Rise,1.3765609,103.9591194
Tampines St 44,1.3601158,103.953885
Berwick Dr ,1.3636994,103.8607998
Lor 33 Getlang ,1.3152493,103.8877557
Jln Limau Nipis,1.3247578,103.9479966
Bedok Nth Ave 2 ,1.3306032,103.9306044
"Faber Ave, Green",1.3175707,103.7584373
Jurong West Ave ,1.3510503,103.7209407
Bishan St 23,1.3561586,103.8475747
Rivervale Cres ,1.391581,103.9074777
Jln Merah Saga,1.3120656,103.7984352
Bedok North Road ,1.330635,103.9303281
Jln Punai ,1.329746,103.9075853
Bukit Batok East Ave 3 ,1.3445646,103.7581811
"Lor 14, 16, 20Geylang",1.3111228,103.8792018
Choa Chu KangAve 4 ,1.3827764,103.7415944
Kaki Bt Ind Ter ,1.3357532,103.9021851
Ubi Ave 4 ,1.3339812,103.893899
Jln Angin Laut ,1.3369845,103.955066
Merpati Rd ,1.3275182,103.8826109
Joo Chiat Ter,1.3148068,103.9028814
Kaki Bukit Ave 1 ,1.3347731,103.9077134
Pasir Ris St 21 ,1.3682576,103.9621864
"Dunman Ln, Rd",1.3088754,103.8953676
Ghim Moh Lk,1.3117378,103.7874454
Daisy Rd ,1.3440149,103.8676909
"Eunos Ave 6, 7",1.3220731,103.897137
Pasir Ris St 11,1.364947,103.9586667
Jurong East Ave 1 ,1.3440585,103.7348419
Kaki Bt Ave 3,1.3373461,103.9088085
Hougang Ave 6 ,1.3759808,103.8915536
"Begonia Dr, Ln, Ter, Walk ",1.387128,103.8623338
"Lor 7, 9, 11,13 Geylang",1.3124057,103.8758794
Jln Baiduri,1.3115093,103.912685
Tampines Ave 7 ,1.3566405,103.9510693
"Defu Ln 4, 7",1.3586982,103.8967371
Ang Mo Kio Ave 5 ,1.376001,103.8561138
Serangoon NthAve 4 ,1.3735826,103.8733095
Hazel Pk Ter,1.3717218,103.764282
Almond St ,1.3714839,103.772803
Bedok Reservoir View ,1.3368264,103.936717
Defu Ln 7 ,1.3558893,103.8972592
Park VillasGreen ,1.3679257,103.8794579
Lor 7 ToaPayoh ,1.3373559,103.8563814
Telok BlangahCres ,1.2770566,103.820226
"Lor K, L Telok Kurau ",1.3122916,103.9108615
Loyang Cres,1.3819018,103.9723607
Defu South St 1,1.3447191,103.8980126
Yung An Rd ,1.336678,103.7195045
Jln Kembangan ,1.3229561,103.9135494
Crowhurst Dr ,1.3627874,103.8631284
Jln Bt Ho Swee ,1.2872736,103.8291968
Hougang Ave 4 ,1.3713523,103.8880588
Woodlands Sq,1.4360643,103.7851323
Yishun Central ,1.4263378,103.8405467
Lor Selangat ,1.345603,103.8686469
"Pasir Ris Dr 3, Dr 4, Lk ",1.3750909,103.9534875
"Lor 20, 22 Geylang ",1.3120355,103.8812723
"Westwood Ave, Dr, Walk",1.3511997,103.6990227
Tanah Merah Kechil Road,1.328329,103.9437666
Bedok South Ave 1,1.3177824,103.932945
Bournemouth Rd ,1.301964,103.8935082
Jurong West St 93,1.3381307,103.6930683
Teban Gardens Rd ,1.3220012,103.7414853
Sin Ming Ave,1.3632469,103.8362326
Changi Rd ,1.3182725,103.9085841
St. Patrick's Rd ,1.3080632,103.912676
Defu Ln 8,1.3563868,103.8960873
Geylang East Ctrl,1.3189743,103.8867498
Lor 6 Realty Pk,1.368635,103.888798
Commonwealth Cres ,1.3076629,103.7996916
Lor Abu Talib ,1.315715,103.9286873
Cornwall Gdns,1.3162359,103.8009036
Penjuru Pl,1.3155382,103.7331055
Elias Ter ,1.3720962,103.9421606
"Lor 5, 6 RealtyPk",1.3336887,103.8531666
Eunos Ave 7 ,1.3229904,103.8981483
Laguna Golf Green,1.3257132,103.963143
Wan Tho Ave,1.3325458,103.8717571
"Lor 20, 22 Geylang",1.3120355,103.8812723
Kg Arang Rd ,1.3001369,103.8822052
Hougang St 11 ,1.3519335,103.8801928
"Lor 25A, 27 Geylang",1.3142892,103.8831075
Jurong East St 13 ,1.3370334,103.7372944
Charlton Ln,1.3557472,103.8819989
Lor 7 Toa Payoh ,1.3373559,103.8563814
Jurong West St 65 ,1.339965,103.7010383
Chuan Cl ,1.3492258,103.8611595
Henderson Rd,1.2804083,103.8176
Marine Ter,1.3051032,103.9153271
Peakville Ave,1.3326308,103.9450872
Ah Soo Gdn ,1.3502098,103.8835225
Hougang St 51 ,1.3799946,103.8881167
Hougang St 92 ,1.3732518,103.8795201
Boon Teck Rd ,1.3269162,103.8500812
Marine Cres ,1.3053361,103.9120281
Eng Kong Cr,1.3354922,103.7690988
Holland Rd ,1.3129427,103.7983813
Lim Tua Tow Rd ,1.3547084,103.8761809
Simei Ln ,1.343335,103.9583955
"Westwood Ave, Cres, Walk",1.3511997,103.6990227
Jln Tua Kong,1.3155361,103.9257955
"Casuarina Rd, Walk",1.375008,103.8280592
Fulton Rd ,1.3613467,103.8333878
Parry View ,1.3658545,103.8790057
Jurong West Ave 1 ,1.3510503,103.7209407
Toa Payoh East ,1.3342046,103.8573472
"Lor 6, 8, 12, 14Geylang",1.3114014,103.8762991
Ang Mo Kio Ave10 ,1.366942,103.856596
Kallang Ave,1.3110557,103.8647218
Jln Datoh ,1.3277338,103.8429951
Jln Kesoma,1.3464474,103.8785457
Jln Sayang,1.3217141,103.9151403
Jln Bintang Tiga ,1.322092,103.9253568
Hooper Rd,1.3115677,103.8435575
Lor 2 ToaPayoh ,1.3360505,103.8462992
"Robin Cl, Walk",1.3184252,103.8272704
Pillai Rd,1.3472766,103.8797163
Compassvale Cres ,1.3972429,103.8982054
Jln Jamal ,1.3135408,103.9251949
Sengkang East Ave ,1.38659,103.8937365
Woodlands Dr 42,1.4369726,103.7969314
Clive St ,1.3006,103.3549
Punggol Walk ,1.4052938,103.9005026
Middle Rd ,1.298544,103.8538892
Jellicoe Rd ,1.3078859,103.8622193
Arthur Rd ,1.3017751,103.8880084
Edgefield Walk ,1.4007868,103.9102933
Punggol Pl ,1.4030918,103.9030684
Chuan Gdn,1.3625001,103.8683597
Pasir Ris Dr 4,1.3735869,103.9609009
"Ubi Ave 1,Cres, Rd 1",1.3269703,103.9014436
Woodlands Dr 60 ,1.4468837,103.7995844
Jln Limau Kasturi ,1.3243049,103.9457529
Pasir Ris Dr 6,1.3720207,103.9567674
Ardmore Pk,1.3094943,103.8284566
Clementi Ave 5,1.317268,103.7680375
Rivervale Lk ,1.3872989,103.9045675
Figaro St ,1.3160995,103.9273155
"Frankel Cl, Dr, St",1.3182785,103.9146352
Wellington Circle,1.4531146,103.8215989
Bedok Nth Ave2 ,1.3306032,103.9306044
Lor Lew Lian ,1.3503431,103.8773085
Jln Membina,1.2834914,103.8266828
Everton Rd,1.2756464,103.8386912
"Tai Hwan Hts, Walk",1.357723,103.8617288
Jln Khairuddin ,1.3201625,103.9226894
Pasir Ris St 52 ,1.3747071,103.9461073
"Lor 8, 12,14 Geylang",1.3117531,103.8769931
Marina Boulevard ,1.2806877,103.8542979
Woodlands Dr 70 ,1.4411362,103.7983161
Jln Kelempong ,1.3622742,103.9674548
EdgefieldPlains ,1.4005857,103.9088722
"Yunnan Dr 1, Rd",1.3377248,103.6912061
Farrer Rd,1.3174775,103.8077374
Jln Cherpen,1.4370103,103.8275057
East Coast Rd ,1.3090566,103.9126906
Jln Paras ,1.3258853,103.9168687
Bedok Ria Cres ,1.326854,103.9531946
Maria Ave,1.3215313,103.9211889
Rowell Rd ,1.3084832,103.8550364
Jurong West St 93 ,1.3381307,103.6930683
Hougang Ave 1,1.3544184,103.889824
Jurong West St 91 ,1.3418091,103.6898549
Woodlands Ave 1 ,1.4314714,103.7851183
Jln Chempaka Kuning ,1.3310976,103.9495789
"Eastwood Dr, Green, Pl, Ter,Way ",1.3233243,103.9557363
Buffalo Rd ,1.3067427,103.8507191
Sin Ming Rd ,1.3558936,103.837786
Green Ln ,1.3112417,103.8926889
Telok Kurau Rd ,1.3122916,103.9108615
Jansen Rd ,1.3598716,103.8769135
Joo Chiat Ave,1.3159035,103.9116366
Kim Keat Lk ,1.3324775,103.8580168
Joon Hiang Rd,1.353078,103.8750824
Bowmont Gdn ,1.31433,103.9200577
Hythe Rd,1.3681539,103.8673828
Jln Malu Malu ,1.4419236,103.8261609
St Georges Rd ,1.3231352,103.862383
"Bishan St 13, 15 ",1.3471288,103.854544
Holt Rd ,1.2942277,103.8258088
Bt Batok St 24 ,1.3425888,103.7563114
"Highland Rd, Walk ",1.3578343,103.8788724
Admiralty Street,1.4614777,103.8135273
Begonia Dr ,1.387128,103.8623338
Punggol Dr ,1.4031478,103.9113918
Bukit Batok St21 ,1.3464976,103.7533512
Island Gdns Walk ,1.3619496,103.8290949
Yishun Ave 5 ,1.4304017,103.8310578
Kitchener Lk ,1.3097324,103.8573824
Cardiff Grove ,1.3567776,103.8661493
Lucky Hts ,1.3175152,103.9408532
Cantonment Rd ,1.2758279,103.8408356
Ang Mo Kio Ave4 ,1.3763427,103.8394465
Jln Anggerek ,1.3295279,103.8818569
Corporation Rise ,1.3395759,103.7174149
"Lor 26, 28Geylang",1.3118102,103.884764
Sgoon Central ,1.3510464,103.8730466
Jurong West Ctrl 1 ,1.342604,103.7054434
WoodlandsAve6,1.4387944,103.8030299
Dickson Rd ,1.3054173,103.8539179
Tai Seng Ave,1.3377152,103.8906808
Kitchener Link ,1.3116455,103.8572206
Gentle Dr,1.3206892,103.8412974
"Mei Hwan Cres, Dr",1.353515,103.8603918
Mimosa Ter,1.3839482,103.8607115
Jln BungaRampai ,1.3397143,103.8834245
Bt Batok Cres Bt Batok St 23,1.3395922,103.7584448
Woodgrove Ave ,1.4276723,103.780696
"Tai Hwan Ave, Cl",1.3570536,103.8616578
Delta Ave ,1.2920413,103.8273772
Pasir Ris Rise ,1.3765609,103.9591194
Jln Chermat ,1.3516677,103.8783188
Jln Limau Bali ,1.3231009,103.9484145
Fajar Rd ,1.3841157,103.7701699
Jln Jarak ,1.3825396,103.8725119
Sungei Kadut St 1,1.4184183,103.7509816
"Daisy Ave, Rd ",1.3448137,103.8668251
"Sunrise Ave, Dr, Ter ",1.3894442,103.8570017
Bt PanjangRing Rd ,1.3863791,103.7645466
Hougang St 52 ,1.3767515,103.8894006
 Jurong Lake Lk ,1.3418479,103.7281926
Elias Rd ,1.3776651,103.9414407
Changi South Ave 1,1.336502,103.9631211
Jln Kechot ,1.321949,103.9068222
"Lor 14, 16Geylang",1.3111228,103.8792018
Kismis Ave,1.3358327,103.7730377
Kaki Bt Pl,1.3352173,103.9036946
Walk ,1.3594959,103.8269665
Bedok Gdn ,1.3230091,103.9529433
Sungei KadutSt 2,1.4145388,103.749546
Jln Tanjong ,1.329227,103.9431107
Hazel Pk Ter ,1.3717218,103.764282
Jln Kayu ,1.3968915,103.8731122
Jln Remis ,1.3151001,103.9362594
Geylang,1.3200544,103.8917746
Paya Lebar Way ,1.322783,103.8835465
Eastwood Dr,1.3233243,103.9557363
Jln Satu,1.3092984,103.8867443
Toh Guan Road East,1.3368715,103.7521614
Jln Raya,1.3284855,103.8831132
Kaki Bt Rd 3,1.3366588,103.9041606
Bt Panjang Ring Rd ,1.3863791,103.7645466
Tanjong Rhu Rd ,1.2973043,103.8764649
Lor 24AGeylang ,1.312143,103.8840403
Ernani St ,1.3198647,103.9257788
S'goon Ave 3,1.349128,103.8734316
"Lor 8, 10, 12,14 Geylang",1.3118389,103.876981
Lor Chuan ,1.3539077,103.8644061
"Haig Ave, Ln, Rd",1.3079487,103.8993598
"Corporation Rise, Walk",1.3395759,103.7174149
Lor 23 Geylang ,1.3151388,103.8813018
Jln Merah Saga ,1.3120656,103.7984352
French Rd ,1.3078243,103.8611394
Jln Loyang Besar,1.3785756,103.9606109
Kaki Bt Ave 1 ,1.3347731,103.9077134
Geylang East Ctrl ,1.3189743,103.8867498
Bt Batok West Ave 9,1.3547991,103.7418879
Jln Manis ,1.3257381,103.8633699
Jln Senang ,1.3251828,103.9162698
Clementi Ave 4 ,1.3185378,103.766091
Hougang St 22 ,1.3556597,103.8909906
Jln Awang ,1.3237484,103.9058694
"Lor 27, 27A Geylang",1.314708,103.88373
Sengkang West Way ,1.3950839,103.8761765
Sea Breeze Walk ,1.3380625,103.951447
"Happy AveCentral,East, Nth ",1.3304365,103.8808861
Joo Chiat Ln,1.3124853,103.9028281
Potong Pasir Ave 1 ,1.3349168,103.8669414
Hougang Ave 2 ,1.3680548,103.8854872
Boo Lay Pl ,1.3468417,103.7128488
Geylang Bahru ,1.3222623,103.8704758
Chestnut Dr,1.3692511,103.7695212
Paya Lebar Cres,1.3485113,103.882639
Woodgrove Dr ,1.4291311,103.7817074
Telok Blangah Rise ,1.2726409,103.821383
"Eastwood Green, Pl, Walk ",1.3228039,103.9561328
Choa Chu Kang Rd,1.3781137,103.7573998
Sims Dr ,1.3182958,103.8795452
Carlisle Rd,1.314383,103.8480691
Flower Rd,1.3602403,103.8813307
Telok BlangahRise ,1.2726409,103.821383
Woodlands Dr 42 ,1.4369726,103.7969314
Yunnan Dr ,1.3377248,103.6912061
Leith Pk ,1.3620971,103.8741237
Cuff Rd ,1.3069328,103.8532249
Tai Keng Gdns ,1.3472032,103.8849541
Sembawang Dr ,1.4526468,103.8169578
Mei Ling St,1.2942719,103.8031883
Jln Terang Bulan ,1.3222868,103.9244546
"JlnGelenggang,Tarum ",1.3746426,103.8302701
"Eng Kong Cres,Ter",1.3354922,103.7690988
Kang Ching Rd ,1.3390798,103.7219436
Punggol Walk,1.4052938,103.9005026
East Coast Ave ,1.3099359,103.9236144
Macpherson Rd ,1.3312078,103.8789855
Lor 16 Geylang ,1.3112478,103.8799103
Dalvey Rd ,1.3147259,103.8226387
"Lor 25, 25AGeylang",1.3144918,103.8823398
Lor 3 Geylang,1.3150551,103.8730623
"Saraca Dr, Pl, Rd",1.3869987,103.8590619
Woodlands Dr 16,1.4300615,103.7945328
Lor 27A Geylang ,1.3149892,103.8848435
"Yunnan Cres, Dr 2",1.3359454,103.6914418
White House Rd,1.3173516,103.8245934
Jln Loyang Besar ,1.3785756,103.9606109
Tamarind Rd ,1.3891829,103.8605291
Celyon Rd ,1.308566,103.9006498
Punggol Way ,1.410694,103.899895
Bt Batok East Ave 3 ,1.3445646,103.7581811
Sungei Kadut Way,1.4068853,103.7498702
Jln Rahmat ,1.3213771,103.9082299
St. George's Ln ,1.3223134,103.8617541
Woodlands St81 ,1.4414768,103.789208
Lor 23 Geylang,1.3151388,103.8813018
Sturdee Rd,1.3128073,103.8586266
Frankel Cl,1.3182785,103.9146352
"Riverina Cres, View",1.3799598,103.9462611
Sims Ave,1.3160559,103.887811
S'goon North Ave 1 ,1.3664661,103.8731593
Frankel Ter ,1.318887,103.91437
Mergui Rd,1.317029,103.8522969
Jln Mutiara ,1.2957045,103.828578
Lor 30 Geylang ,1.312709,103.8863383
"Eng KongCres, Rd ",1.3331935,103.7678953
"Verde Ave, Cres",1.3908293,103.7515716
Flora Road,1.3597191,103.9658888
Jln Binchang,1.3535756,103.8468187
Jln Pintau,1.3542529,103.8395606
Fraser St,1.3004738,103.8579306
Kwong Ave,1.3306439,103.8710724
Cotswold Cl,1.3465374,103.8621892
Lor N Telok Kurau ,1.3098618,103.9119077
Waringin Walk,1.3216725,103.9186942
 Ang Mo Kio Ave 10 ,1.366942,103.856596
Hougang Ave 6,1.3759808,103.8915536
Farrer Pk Rd ,1.3118965,103.8514479
Clementi Ave 1 ,1.3102836,103.7685092
Compassvale Bow,1.3815072,103.8936639
"Jln Kelichap, JlnLokam ",1.3468834,103.8813653
Clementi WestSt 1 ,1.3047221,103.7666794
Lor L Telok Kurau ,1.3119655,103.9118591
Jln Baiduri ,1.3115093,103.912685
Parbury Ave,1.3176655,103.9429496
Kew Cres ,1.3186212,103.9498788
Jurong West St 92 ,1.3412762,103.6901993
Lowland Rd,1.361151,103.8832573
Kee Choe Ave ,1.3314649,103.8731039
Bedok Nth Ave 3 ,1.3312609,103.9342774
King George's Ave ,1.3088806,103.86064
Champions Way ,1.4296071,103.7896912
Tampines St 84 ,1.3526996,103.9324682
Jln Sultan ,1.3032113,103.8611992
Jln Rajawali,1.3435129,103.7684682
"Tampines Pl, Rd",1.3672202,103.9290702
Commonwealth Cl ,1.3045838,103.7994061
Jln Chempedak ,1.3710533,103.8294232
Lucky View ,1.3178965,103.9395085
"Bedok Cl, Rise, Ter ",1.326285,103.9496499
Geylang East Ave 1 ,1.3170783,103.8853186
Lengkong Empat,1.3281155,103.9127553
Kaki Bt IndTer ,1.3357532,103.9021851
Kampong Eunos,1.3188683,103.9065195
Upp Changi Rd East,1.3374077,103.9595225
"Eng Kong Cres, Ter",1.3354922,103.7690988
Sommerville Walk,1.3444279,103.8699947
Tampines Ave 4,1.3516867,103.9423072
Surin Ave,1.3560139,103.8835131
Woodlands Cres,1.4468524,103.8024146
Edgefield Plains,1.4005857,103.9088722
Woodlands Centre Rd ,1.4377774,103.7710621
Fulton Ave ,1.3618304,103.8337428
Choa Chu Kang St 51 ,1.3913255,103.7430316
Stirling Rd ,1.2953328,103.8043994
JlnBangau ,1.3837573,103.8715861
Chiap GuanAve ,1.3610156,103.8758142
Jln Pacheli ,1.3559757,103.862811
Tuas South Ave 1,1.3168543,103.6280899
"Lor 1, 4, 6, 7Realty Pk ",1.3106041,103.8726161
Hougang St 21 ,1.358001,103.8857472
Lor 1 Toa Payoh ,1.3397621,103.8481821
Lor 3 Geylang ,1.3150551,103.8730623
Yishun St 21,1.4331065,103.8368577
Dover Cres ,1.3054241,103.782673
Chai Chee St,1.328435,103.9226395
Wilton Cl ,1.3001957,103.7940404
Tampines St 42 ,1.3586058,103.9523818
Ang Mo Kio St 52 ,1.3724727,103.8536388
Ave 2 ,1.3209156,103.8870987
Woodlands Dr 60,1.4468837,103.7995844
"Lor 24A, 26, 28, 32 Geylang ",1.3124236,103.8839383
"Lor 14, 16 Geylang",1.3111228,103.8792018
Kovan Rise ,1.3625239,103.8858487
Jln Berjaya ,1.3526347,103.8453092
Jln Lapang ,1.3228533,103.9165664
"Peakville Gr, Walk",1.3339531,103.9446187
Jln Redop,1.3854123,103.8706659
Telok Blangah Hts ,1.2766698,103.8114559
"Lor 24A, 26,28 Geylang",1.3124236,103.8839383
Whampoa West ,1.3207006,103.8638894
Edgedale Plains,1.3984254,103.9132309
"Sunrise Ave, Dr ",1.3894442,103.8570017
Telok Blangah Cres ,1.2770566,103.820226
Carmichael Rd,1.3428523,103.8630139
Glasgow Rd,1.3612511,103.8782066
Sin Ming Dr,1.3584042,103.8371726
Upp Boon KengRd ,1.314381,103.8720873
Yishun St 81,1.4150832,103.8373311
Lor 4 Geylang ,1.3099766,103.8760568
Alexandra Rd ,1.2884712,103.8055757
 Yishun St 72 ,1.4267849,103.8326604
West Coast Ln,1.31298,103.7590349
Sirat Rd,1.3576851,103.8762291
 Jln Bangau ,1.3837573,103.8715861
Rivervale St ,1.3884218,103.9034649
Sungei Kadut St 4,1.4210641,103.7474745
Lor 105 Changi ,1.3164609,103.9026964
Bedok Nth Rd ,1.330635,103.9303281
"Telok Blangah Rise, Way",1.2726409,103.821383
Dido St ,1.3210752,103.9258213
Woodlands Cres ,1.4468524,103.8024146
"Kim Keat Cl, Ln ",1.3239373,103.8534166
"West Coast Ave, Ln, Ter",1.3138555,103.7569916
"Tembeling Ln, Rd",1.3139803,103.9011028
Corporation Rise,1.3395759,103.7174149
Maria Ave ,1.3215313,103.9211889
Cavan Rd ,1.3109267,103.861539
Choa Chu KangCres ,1.4032103,103.7484734
Jurong West St 61 ,1.3385893,103.6984964
Holland Pk ,1.3094986,103.8043658
Gambir Walk ,1.3442235,103.8744852
Blair Rd ,1.2764087,103.8364453
Anchorvale Dr ,1.3906074,103.8894421
Woodlands St13 ,1.4349802,103.7776654
Ang Mo Kio Ave1 ,1.3636049,103.8473581
Lor 5 Toa Payoh ,1.3365164,103.8527387
Woodlands Dr 72,1.4434388,103.8044632
"Pasir Ris Hts, View",1.3822466,103.941623
CompassvaleBow ,1.3815072,103.8936639
"Lor 15, 17Geylang",1.3132796,103.8780559
Jln Langgar Bedok ,1.325773,103.950017
Kim Keat Ln ,1.323878,103.8538254
Serangoon Ave 3 ,1.3515054,103.8682342
Chia Ping Rd ,1.3288877,103.7190145
Jln Besar,1.3085035,103.8573175
Buangkok Cres ,1.383764,103.8805921
"Begonia Cres, Dr ",1.3887555,103.8624425
Wodlands Dr14 ,1.4316858,103.7915305
Pasir Ris St 72,1.3803551,103.9364814
Choa Chu Kang Grove ,1.373976,103.7490003
"Lor 24, 24A Geylang",1.3120303,103.8833462
Jurong East St 24,1.34344,103.7401204
Yishun Ring Rd ,1.4260876,103.8321594
Bedok Reservoir View,1.3368264,103.936717
Somapah Rd ,1.3395866,103.9629789
Jln Bukit Ho Swee ,1.2872736,103.8291968
Defu Ave 2 ,1.3604122,103.9010609
Lor Buang Kok,1.3840551,103.8785442
Jln Seaview ,1.300828,103.8959163
"Tanah Merah Kechil Ave, Rd, Rise",1.3295629,103.9461517
S'goon Ctrl Dr ,1.349128,103.8734316
Tah Ching Rd ,1.3375173,103.7230735
Marlene Ave ,1.3606986,103.8710964
Jurong ,1.3328572,103.7435522
Simei Rise ,1.3485715,103.9614239
Frankel Pl ,1.3120132,103.9202987
Old Choa Chu Kang Rd ,1.3717846,103.7053218
Bedok Nth St 2,1.3286351,103.9372078
Lavender St ,1.3123505,103.8614704
"Eunos Ave 1, 4, 5, 5A, 6, 7, 8, 8A ",1.3222525,103.8969423
Tampines Ctrl 1 ,1.3545669,103.9452518
Hooper Rd ,1.3115677,103.8435575
Lor 8 Geylang ,1.3104433,103.87721
Jln Redop ,1.3854123,103.8706659
Mt Sophia ,1.3010931,103.8466826
Da Silva Ln ,1.3636134,103.8828929
Holland Hill,1.3101736,103.8016408
"Jln Gelenggang,Tarum ",1.3746426,103.8302701
Redhill Rd ,1.2876447,103.8161531
Marine Dr ,1.3038407,103.9088286
Mariam Way ,1.3608335,103.9684627
Cedarwood Gr,1.4282406,103.7785198
Rochor Rd ,1.2993293,103.8570591
Tanjong KatongRd,1.3078724,103.8952083
Jln Sentosa ,1.3229507,103.9173352
Jln Gembira,1.3322836,103.8805745
Chuan Hoe Ave,1.3644628,103.8761639
Upp Cross St ,1.285455,103.8432978
Nth Canal Rd ,1.2864928,103.8478
Bedok South Ave 2 ,1.3222585,103.9374146
Fernvale Ln ,1.3894612,103.8708423
Pk Rd,1.2846728,103.8429692
"Siglap Bank, Dr ",1.3180259,103.9206618
Rifle Range Rd,1.3536953,103.7926679
Whampoa Dr,1.3235847,103.8565156
Lor Ong Lye,1.3479061,103.8790427
Ang Mo Kio Central 3,1.3752115,103.8471299
"Jln Pari Burong, Dedap",1.3343063,103.9462887
Jln Sinar Bintang ,1.3627978,103.973158
Jln Angin Laut,1.3369845,103.955066
Jln Hock Chye,1.3590535,103.8903717
Ang Mo Kio Ctrl 3 ,1.3752115,103.8471299
Sennett Ave,1.3188487,103.9386538
Butterworth Ln ,1.3125829,103.8958523
Huddington Ave,1.3677293,103.8651785
Chancery Ln ,1.3198936,103.8379513
Happy Ave East,1.3302147,103.8814575
Cashew Cres ,1.3714452,103.7694569
Brighton Ave,1.3609691,103.8726472
Surin Rd ,1.3556189,103.8801872
Eunos Ave 3 ,1.3198598,103.8962698
Wholesale Ctr,1.2862931,103.7774184
Fernvale Lk ,1.3936113,103.87613
Fowlie Rd,1.3066601,103.9027949
Anthony Rd ,1.3105607,103.8378691
Elliot Rd ,1.3120178,103.930608
Middle Rd,1.298544,103.8538892
Lor 31 Geylang ,1.3149521,103.8869017
Senja Cl ,1.3866896,103.7619298
Marsiling Ln ,1.4449026,103.7760819
Bt Batok East Ave 4 ,1.349414,103.7583806
Spottiswoode Pk Rd ,1.2752989,103.8372683
"Li Hwan Cl, Dr, Ter, View",1.3551737,103.8637373
Bt Batok West Ave 4 ,1.3627196,103.7470249
"How Sun Dr, Walk ",1.344532,103.8789432
Braddell Rise ,1.3413494,103.843625
Jln Belangkas ,1.3305516,103.8836208
Lor Biawak ,1.3477502,103.8701778
Keng Lee Rd ,1.3136618,103.8433703
Jln Rajawali ,1.3435129,103.7684682
Jln Kelichap ,1.3468834,103.8813653
Metropole Dr ,1.3215861,103.9255817
"Sea Breeze Ave, Walk ",1.3374304,103.9527258
"Bedok Ln, Walk ",1.3288153,103.9479887
Yishun St 72,1.4267849,103.8326604
Amber Gdns ,1.3013325,103.8991142
Medway Dr ,1.3636459,103.8634469
Mattar Rd,1.3250869,103.8828531
Jln Damai ,1.3334879,103.9094395
McNair Rd ,1.3200278,103.8585331
Ang Mo Ko Ave 4 ,1.3763427,103.8394465
Tai Thong Cres ,1.3290324,103.8696278
Lor Sarina,1.3196698,103.9077417
Telok Blangah Dr ,1.2728149,103.8083695
Jln Songket,1.3566713,103.8864443
Jalan Rajah ,1.3279521,103.8513285
Towner Rd,1.3200278,103.8585331
Woodlands Dr 70,1.4411362,103.7983161
Jln Kemboja ,1.3315129,103.8736473
Bangkit Rd ,1.3776889,103.7741527
Bukit Batok St 31 ,1.3589162,103.7511175
Clementi Ave 2 ,1.3114966,103.7675414
Eng Kong Pl,1.3340868,103.7676095
Jelapang Rd,1.3858976,103.7672889
"Lor 104, 105Changi",1.3159148,103.9021693
Jln Merlimau,1.3237404,103.8406522
Eunos Rd 5 ,1.3204327,103.8961606
Broadrick Rd,1.3013538,103.8906425
Lor 32 Geylang ,1.3119278,103.8870177
Lange Rd,1.3586382,103.8767903
Glasgow Rd ,1.3612511,103.8782066
Jln Ikan Merah,1.3546471,103.8348953
How Sun Close,1.3435433,103.8812554
Jurong West St 74 ,1.3493888,103.6992194
Grace Walk ,1.3583177,103.8687741
Holland Ave,1.3090088,103.7950497
Jln Ma'mor ,1.3282055,103.8572634
Jln Leban ,1.3732041,103.8307393
Jln Jelita ,1.3161178,103.7867441
Lor 1A Toa Payoh ,1.337022,103.8448183
"Mt Sinai Dr, Rise",1.3175596,103.7804475
Flanders Sq ,1.3125518,103.8577278
"Happy AveCentral, East,Nth ",1.3304365,103.8808861
"Bedok Ln, Rd",1.3288153,103.9479887
Hoy Fatt Rd ,1.2881187,103.8118869
Jln Isnin,1.3530929,103.837176
Guillemard Rd ,1.3112603,103.885691
Pasir Ris Dr 1,1.3711059,103.9488267
Simet St 2 ,1.3440316,103.9556108
Bt Batok West Ave 2 ,1.3578222,103.7472428
Hougang ave 8,1.3747735,103.8883372
Woodlands Lk,1.4311366,103.7971014
Jln Kelulut ,1.3831717,103.8755747
Yuan Ching Rd,1.3351542,103.7250476
"Happy Ave Central, East, Nth ",1.3304365,103.8808861
Jln Aruan ,1.313115,103.8428128
Choa Chu Kang St 64,1.397576,103.750071
Ashwood Grove,1.4289664,103.7767367
Jln Tambur ,1.3645035,103.8295839
Lor 21 A Geylang ,1.3152308,103.8804867
Bkt Timah Rd ,1.3228014,103.8151035
"Bedok Rise, Ter",1.3263931,103.9482762
Carisbrooke Grove ,1.3586007,103.864978
Jln Pelajau ,1.385876,103.8715258
GeyLang Rd ,1.3134257,103.8837629
Evelyn Rd,1.3162359,103.8400196
"Yunnan Cres, Dr 1, Dr 2, Dr 3",1.3359454,103.6914418
Keat Hong Lk ,1.3759349,103.743237
CompassvaleWalk ,1.3894637,103.8985067
Jln Gumilang ,1.3589472,103.7604051
Bedok Reservoir Rd ,1.3370403,103.9215479
Seagull Walk ,1.3462844,103.9644666
Jln Menarong,1.3710454,103.8303511
Bishan St 22 ,1.3573661,103.8452482
Miltonia Cl,1.4178261,103.8477547
Sin Ming Ave ,1.3632469,103.8362326
"Jurong West St 91, Jurong West St 92",1.339746,103.6904657
Lew Lian Vale ,1.3494642,103.8782335
Jurong West St 64 ,1.3415002,103.7032926
Lor Napiri,1.3714754,103.8777569
"Lor 7, 9, 11,13, 17, 21",1.3375586,103.8578168
Choa Chu Kang Ave 3 ,1.3801285,103.7413747
Woodlands Ind Pk E1,1.454204,103.7975007
Redhill Cl ,1.286539,103.816976
Boon Keng Rd ,1.3153712,103.8645024
Elite Pk Ave,1.3150496,103.9242988
Havelock Rd ,1.2890324,103.8359869
Woodlands Dr 52,1.4340433,103.7994684
Poh Huat Ter,1.3672182,103.878884
Bedok Reservoir Rd,1.3370403,103.9215479
Kampong,1.3840551,103.8785442
Jurong West St 73,1.3471723,103.699818
Wellington Circle ,1.4531146,103.8215989
Belmont Rd ,1.3158574,103.7986195
"Eastwood Green, Rd, Ter, Walk, Way ",1.3228039,103.9561328
Pasir Ris Dr 10,1.3789458,103.9377105
Yio Chu KangRd,1.3913524,103.8565907
"Eastwood Dr, Green, Pl, Walk ",1.3233243,103.9557363
Lor H Telok Kurau,1.3162713,103.9107491
"Sunrise Ave, Dr, Ln, Ter, Way ",1.3894442,103.8570017
"Verde Cres, Grove",1.3903926,103.7508486
Hougang St 91,1.3771029,103.8821387
Faber Cres ,1.319425,103.7568483
Jurong Lake Lk ,1.3418479,103.7281926
Changi Nth St 1,1.3511854,103.968488
Moonstone Ln,1.3277062,103.8659308
"Lor 14, 16, 20 Geylang",1.3111228,103.8792018
"Jansen Cl, Rd ",1.3586731,103.8788242
Chuan Link ,1.360874,103.8663221
Hillside Dr ,1.3577472,103.8773652
Simei St 4 ,1.3420111,103.9559533
Rosewood Dr ,1.4295215,103.7853307
Ghim Moh Lk ,1.3117378,103.7874454
Chiselhurst Grove ,1.3581773,103.8657746
Haig Ln ,1.3089762,103.8987395
Chu Lin Rd ,1.3577767,103.7587967
Holland Rd,1.3129427,103.7983813
Sgn Central Dr,1.3546564,103.8716088
S goon Ave 2 ,1.349128,103.8734316
Balam Rd ,1.3294656,103.8865139
Evelyn Rd ,1.3162359,103.8400196
Marsiling Rise ,1.4393379,103.7811348
Nathan Rd ,1.2962526,103.8257632
HougangAve 3 ,1.3524666,103.8908204
Jln Sinar Bulan ,1.3624921,103.9718343
Empress Rd,1.3173106,103.8062619
Yishun St 11,1.4322458,103.8328129
Jurong West St64 ,1.341031,103.7039373
Ang Mo Kio Ind Pk 2A ,1.377574,103.8695404
Tampines St 33,1.352159,103.9600783
"How Sun Ave, Cl ",1.3448685,103.8806696
Jln Minggu ,1.3541572,103.836625
Tampines St 21 ,1.3516209,103.9496392
Green Ln,1.3112417,103.8926889
Woodlands St 32 ,1.4309577,103.7801525
"Farrer Dr, Rd ",1.3147724,103.8065877
Leith Rd ,1.3618634,103.8750167
Lor H Telok,1.3162713,103.9107491
Haig Rd,1.3094682,103.8977379
Hougang Ave 5,1.3673384,103.8963423
Mimosa Rd,1.3839482,103.8607115
Lor Kismis ,1.3373826,103.7683168
"Lor J, K Telok Kurau ",1.3130423,103.9116196
Toh Guan Rd East ,1.3368715,103.7521614
Circuit Link ,1.3260599,103.8893455
Carisbrooke Gr,1.3586007,103.864978
Dairy Farm Rd ,1.3646843,103.7732862
Eden Gr ,1.3448654,103.8717514
"How Sun Ave, Cl, Dr ",1.3448685,103.8806696
Upper Serangoon Cres ,1.3773101,103.900557
S'goon Nth Ave 4,1.3735826,103.8733095
Hougang St 11,1.3519335,103.8801928
Jln Tiga Ratus ,1.3415552,103.9600693
Jln Tari Dulang ,1.4000298,103.8703845
First St ,1.362751,103.888158
Lor Marican ,1.3221269,103.9083895
Mandai Estate,1.4069266,103.7587164
Jln Kelichap,1.3468834,103.8813653
Jln Damai,1.3334879,103.9094395
Jln Ampas,1.326441,103.8515942
Compassvale Lk ,1.3972429,103.8982054
Lor 7 Geylang ,1.3125935,103.8758157
Bishan St 24,1.3565862,103.844408
"Lor 16, 20, 22Geylang ",1.3118313,103.8795779
Ipoh Ln ,1.3117833,103.8955874
Tampines St 72 ,1.3593543,103.93467
Peck Hay Rd,1.3091072,103.8387501
Upp Boon Keng Rd,1.314381,103.8720873
"Sungei Kadut Ave, Way",1.4032412,103.7546595
"Poh Huat Rd, Ter",1.3665259,103.8822719
Jln Kurnia ,1.3449852,103.8835044
Lakepoint Dr ,1.3407539,103.7176514
Borthwick Dr ,1.3615631,103.8619549
Eunos Ave 5B ,1.3213634,103.8972683
Blandford Dr ,1.36018,103.8609856
Mattar Rd ,1.3250869,103.8828531
Limbok Ter ,1.365868,103.8762804
Toh Tuck Ter,1.3387385,103.7687421
Simei Rd ,1.3442561,103.9577294
Jurong East Street 21 ,1.3369686,103.7433703
Tampines St 82 ,1.3516141,103.9365762
Gardenia Rd ,1.3556171,103.8280015
Aljunied Cres,1.3202748,103.8856818
Jln Langgar Bedok,1.325773,103.950017
Gentle Dr ,1.3206892,103.8412974
Yishun Ave 7,1.4386091,103.8333688
Lor Pisang Emas ,1.3439384,103.7715726
Carpmael Rd ,1.3107036,103.8998908
Ee Teow Leng Rd ,1.3580182,103.8781289
Tampines Ave 4 ,1.3516867,103.9423072
Sgoon Nth Ave 1 ,1.3664661,103.8731593
Brighthon Avenue,1.3609691,103.8726472
Jln Cherpen ,1.4370103,103.8275057
Jln Lokam,1.3468945,103.8843353
Lengkong Tujoh ,1.3288736,103.9146578
Clementi Ave 5 ,1.317268,103.7680375
"Hougang Ave 3,Hougang Ave 3",1.3524666,103.8908204
Jln Salang,1.4392762,103.8260038
Lengkong Tiga ,1.3243821,103.91147
Margoliouth Rd,1.3187205,103.8242366
Lor N TelokKurau,1.3098618,103.9119077
Jervois Ln ,1.2941893,103.8189416
"Parry View, Walk",1.3658545,103.8790057
Kurau Gr ,1.3118907,103.9150578
Upp Bt Timah Rd ,1.3584451,103.7675295
Yishun Ave 9 ,1.4339149,103.841806
"Eastwood Dr, Green, Pl, Rd, Ter Walk, Way",1.3233243,103.9557363
Bt Merah View ,1.2841648,103.8215886
Highland Cl ,1.3592669,103.878699
Bendemeer Rd ,1.3206315,103.865235
Jln Telang,1.3768048,103.8288719
Tai Hwan Grove ,1.3565584,103.85959
Farleigh Ave ,1.365388,103.8640639
Jurong West St 52 ,1.3481732,103.7177667
Lor 19 Geylang ,1.3141101,103.8791277
Koon Seng Rd ,1.3115593,103.9042873
Lor 26 Geylang ,1.3121097,103.8848676
"Tanah Merah Kechil Ave, Rd",1.3295629,103.9461517
Jln Gembira ,1.3322836,103.8805745
Chestnut Ave,1.3707347,103.7767915
"Lor J, K Telok Kurau",1.3130423,103.9116196
Jurong West St 41 ,1.3482954,103.7232588
Pasir Ris Dr 3 ,1.37497,103.9516458
Yishun St 22 ,1.4371689,103.8374991
Senja Rd ,1.3866896,103.7619298
Coldstream Ave ,1.3119252,103.9193206
Woodlands Ter,1.4520034,103.8079265
GeylangRd ,1.3134257,103.8837629
"Eastwood Dr,Green, Pl, Ter, Way ",1.3233243,103.9557363
Eunos Ave 7,1.3229904,103.8981483
Taman Permata,1.3512836,103.8339997
Edgedale Plains ,1.3984254,103.9132309
Lor 22 Geylang,1.3115181,103.8822222
Stamford Rd,1.2936965,103.8519039
Faber Ave ,1.3175707,103.7584373
Jln KelabuAsap ,1.3106587,103.7977679
"Lor 34, 36Geylang",1.3126632,103.8878581
Tampines St 44 ,1.3601158,103.953885
Boon Lay Pl ,1.3468417,103.7128488
Kallang Bahru,1.3179783,103.866604
Ubi Ave 1 ,1.3262572,103.8980834
Lor 15 Geylang,1.3128214,103.8783737
Kurau Pl ,1.3118148,103.9145212
Lor 2 Toa Payoh,1.3360505,103.8462992
Jln Soo Bee ,1.3365478,103.9514527
Barker Rd ,1.3195134,103.8339627
Bideford Rd ,1.3042401,103.8365352
Canberra Cres ,1.4451794,103.8308611
Cranborne Rd ,1.3052067,103.8872304
Loyang Besar Cl,1.3780874,103.9583704
Brookvale Dr ,1.3296595,103.7686661
Jln Hitam Manis,1.3090926,103.7977091
Rose Ln ,1.3102974,103.8934575
Pandan Gdns ,1.3206434,103.7484672
Choa Chu KangAve 3 ,1.3801285,103.7413747
Sgn Ave 4 ,1.3763427,103.8394465
Cable Rd ,1.2952851,103.824734
Tampines Ave5 ,1.3503014,103.941492
Holland Cl ,1.3075068,103.7957992
College Ave West,1.3063524,103.7716832
Saujana Rd ,1.382471,103.7668197
Lor 8 Toa Payoh,1.3397838,103.8564707
Amber Gdns,1.3013325,103.8991142
Colchester Gr ,1.3579888,103.8673666
Farrer Rd ,1.3174775,103.8077374
Lor 12 Geylang ,1.3111065,103.8783633
Lor Marzuki,1.3224195,103.9089218
Chartwell Dr ,1.3610619,103.8643944
Kampong Eunos ,1.3188683,103.9065195
"Senoko Ave, Way",1.4672432,103.8102783
Jln Lakum ,1.3853212,103.8721745
Compassvale Ln,1.3857253,103.8983491
Bedok South Ave 3 ,1.3206888,103.9456108
"Jln Limau Manis, Nipis",1.3239882,103.9477558
Pasir Ris Gr ,1.371058,103.9452663
Frankel Ave,1.3165614,103.9178136
Bedok Nth St 2 ,1.3286351,103.9372078
Sembawang Pl,1.4387513,103.8247125
Lor 35 Geylang,1.3153115,103.8884972
"Joo Chiat Ave, Pl, Walk ",1.3099091,103.9020269
Pasir Ris Street 13 ,1.3634402,103.9616212
Serangoon Ctrl ,1.3510464,103.8730466
Hougang Ave 8,1.3747735,103.8883372
Dakota Cres,1.3065326,103.8859887
"Eastwood Dr, Green, Pl, Rd, Ter, Way ",1.3233243,103.9557363
Jln Ulu Siglap ,1.31458,103.927812
"Sunrise Ave, Cl, Dr, Ln, Ter, Way ",1.3894442,103.8570017
Cantonment Cl ,1.275071,103.8403629
Bayshore Rd ,1.3132123,103.9403992
Hillview Ave ,1.3596007,103.7638949
Fernvale Rd,1.3936113,103.87613
Jln Pari Kikis ,1.331775,103.9428174
Harvey Ave ,1.3379769,103.9546419
Tanah Merah Kechil Ave ,1.3295629,103.9461517
Pasir Ris Dr 1 ,1.3711059,103.9488267
Anchorvale Cres ,1.398666,103.8907686
Tuas South St 15 ,1.2737963,103.6368868
Hougang Ave 3,1.3524666,103.8908204
"Lor 32, 34Geylang",1.3127845,103.8869213
Hougang Ave 5 ,1.3673384,103.8963423
S'goon Nth Ave 3 ,1.3729806,103.8715518
St. Patrick's Rd,1.3080632,103.912676
"Woodlands Ind Pk E3, E5, E7, E9",1.4539923,103.7975901
"Lor 1, 6, 7Realty Pk ",1.3107296,103.8725654
Balmoral Rd ,1.3152916,103.8326716
Thomson Ridge,1.3518422,103.8336427
Choa Chu Kang Nth 5,1.3919048,103.7467749
Jln Korban ,1.3445574,103.8837573
Jln Gajus ,1.304317,103.899976
"Lor 4, 6, 7 Realty Pk",1.3684442,103.8876375
Tanah Merah Kechil Rd,1.328329,103.9437666
"Verde Ave, Pl",1.3908293,103.7515716
Florissa Pk,1.38717,103.8353826
Zehnder Rd ,1.2833141,103.7860234
Loyang View,1.3635751,103.9666114
Yishun Ind Pk A,1.4427286,103.8350932
Lor G Telok Kurau ,1.3171163,103.9101586
Old Choa Chu Kang Rd,1.3717846,103.7053218
Bukit Batok St 21 ,1.3464976,103.7533512
Bt Batok East Ave 5,1.3532617,103.7549128
Dedap Lk ,1.3880599,103.8670322
Corporation Dr,1.3330012,103.7231731
"Pasir Ris Lk, Rise",1.3720937,103.9473728
"Sungei Kadut St 4, 5",1.418763,103.748896
Klang Ln ,1.3083426,103.8522102
Balestier Rd,1.3214951,103.8528591
Choa Chu KangSt 52 ,1.3948475,103.7439801
Towner Rd ,1.3200278,103.8585331
Jln Rumah Tinggi ,1.287859,103.8094538
Jln Raya ,1.3284855,103.8831132
Ava Rd ,1.3223104,103.8524799
Puay Hee Ave,1.3316698,103.8711799
Lakepoint Dr,1.3407539,103.7176514
Tanah Merah Kechil Lk ,1.3295629,103.9461517
Canberra Dr ,1.4417357,103.8281341
Tampines Ave 1 ,1.3464261,103.9338822
Plantation Ave,1.3590854,103.8730994
Jervois Rd,1.2949322,103.8212073
Branksome Rd ,1.3035753,103.891135
Yishun Ring Rd,1.4260876,103.8321594
Jln Nuri ,1.2989416,103.8937515
Meyer Rd ,1.2971589,103.8913837
Jln Tiga Ratus,1.3415552,103.9600693
Jln Ismail ,1.3230526,103.9069745
Bukit Batok West Ave 6 ,1.3534023,103.7430789
Bedok Rise,1.3263931,103.9482762
Paya Lebar Cres ,1.3485113,103.882639
Joo Hiang Rd ,1.353078,103.8750824
Ang Mo Kio Ave 1 ,1.3636049,103.8473581
Poole Rd,1.3071399,103.8929063
Bournemouth Rd,1.301964,103.8935082
Meyer Rd,1.2971589,103.8913837
Bt Merah Central ,1.2834458,103.8161326
Joo Chiat Ln ,1.3124853,103.9028281
Compassvale Ln ,1.3857253,103.8983491
Hougang Ave 2,1.3680548,103.8854872
Raglan Gr ,1.3644946,103.8691692
Havelock Rd,1.2890324,103.8359869
Lor 25 Geylang ,1.3144854,103.8824746
Hougang St 61 ,1.3747006,103.886414
East Coast Ave,1.3099359,103.9236144
Lor M Telok Kurau ,1.3109464,103.9124768
Eunos Ave 7A,1.3230463,103.8945999
Kaki Bukit Indus Ter,1.3341202,103.9297229
Ford Ave ,1.3137853,103.7956801
Recreation Ln,1.3516416,103.8746155
Lengkok Tiga ,1.3243821,103.91147
Hougang St 31 ,1.3629171,103.8894174
Lor 39 Geylang ,1.3159773,103.890676
Jln Joran ,1.3853739,103.8693914
Coronation Rd West ,1.3197816,103.7945875
Thrift Dr ,1.3439755,103.883509
Fidelio St,1.3190956,103.9229971
Chander Rd ,1.308705,103.8517843
Merryn Ter ,1.325204,103.826459
Jln Tenteram ,1.3270591,103.8594238
S'goon Gdns Dr ,1.365551,103.866409
Haigsville Dr,1.310033,103.8981681
Tg Katong Rd,1.3078724,103.8952083
"Pemimpin Pl, Ter",1.3538161,103.8426566
Hacienda Gr ,1.3131868,103.927301
Yishun Ave 11 ,1.4246671,103.8446169
South Buona Vista Rd,1.2859845,103.7857387
Redhill CI ,1.286539,103.816976
Hougang St 51,1.3799946,103.8881167
"Eastwood Green, Rd, Ter, Walk, Way",1.3228039,103.9561328
Tampines Rd,1.3684742,103.9100462
Medway Dr,1.3636459,103.8634469
Sophia Rd ,1.3020842,103.8473702
Ang Mo Kio Ave 9,1.3801387,103.8476659
Somme Rd ,1.311234,103.8583515
Sirat Rd ,1.3576851,103.8762291
Aljunied Ave 2 ,1.3209156,103.8870987
"Tai Keng Ave, Gdns, Ter",1.3475655,103.8855424
Montreal Dr ,1.4516935,103.8244384
Lor Marzuki ,1.3224195,103.9089218
The Inglewood,1.3606918,103.8300362
Sin Ming Walk ,1.3645715,103.8325057
Upp East Coast Rd ,1.3148748,103.9402579
Ang Mo Kio Ave 4 ,1.3763427,103.8394465
Aljunied Cres ,1.3202748,103.8856818
Upp Changi Rd East ,1.3374077,103.9595225
Jln Novena Barat,1.3230337,103.8422019
 Gangsa Rd ,1.3778066,103.7663345
"Chuan Dr, Lk",1.3603904,103.8668733
"West Coast Pl, Ter",1.3135179,103.7586396
"Farrer Dr, Rd",1.3147724,103.8065877
Jalan Raya ,1.3284855,103.8831132
BedokReservoir Rd,1.3370403,103.9215479
Woodlands Rise ,1.447006,103.8044709
"Lor K, L Telok Kurau",1.3122916,103.9108615
Bt Batok West Ave 8 ,1.3521508,103.7395213
Siang Kuang Ave,1.3296533,103.8720674
Jln Antoi ,1.3847403,103.874377
Punggol Rd ,1.3999093,103.9049842
Chai Chee Drive ,1.3240811,103.9191646
Sunbird Circle,1.3391852,103.9576992
Derbyshire Rd ,1.3165557,103.8457595
Kaki Bt Industrial Ter,1.3357532,103.9021851
Jln Lekub ,1.3837806,103.8709331
Jln Hikayat,1.4381043,103.8273961
Upp Paya Lebar Rd ,1.3431579,103.8828346
Kranji Rd,1.4306891,103.7559274
Jln Masjid ,1.3198827,103.9124579
"Lor 6, 7 RealtyPk",1.3086573,103.877102
Yishun St 71,1.4271375,103.829576
Bt Batok St 41 ,1.3561509,103.7416555
Clementi West St 1 ,1.3047221,103.7666794
Whampoa Rd ,1.3260052,103.8563608
Jln Khamis ,1.3534454,103.8379672
"Tanah Merah Kechil Lk, Ave, Rd",1.3295629,103.9461517
Lor J TelokKurau ,1.3140655,103.9109188
Jurong West St 73 ,1.3471723,103.699818
Cowdray Ave,1.3673206,103.864748
Yishun Ind St1 ,1.4372807,103.8432107
Tanjong Rhu Rd,1.2973043,103.8764649
Lor H TelokKurau,1.3162713,103.9107491
Redhill Cl,1.286539,103.816976
Keng Chin Rd ,1.3178498,103.8304962
"Yunnan Dr 1, Dr 3, Rd, Walk 1",1.33844,103.692066
Tampines Ave 3 ,1.3497301,103.9344252
Woodlands St 82,1.4432749,103.7913931
"Li Hwan Cl, View",1.3551737,103.8637373
Jln Chengam ,1.3725447,103.8318607
Jln Daud,1.3258823,103.9083537
Lor 8 ToaPayoh ,1.3397838,103.8564707
Jln Tani ,1.3668101,103.884883
Tampines St 11 ,1.3455541,103.9469361
Bridport Ave ,1.3671462,103.8642348
Canberra Cres,1.4451794,103.8308611
Simei St 2 ,1.3455308,103.9543763
Jurong West St 24 ,1.3501592,103.7068711
"Eunos Ave 5, 5A, 6, 7, 8A ",1.3212123,103.8972956
Owen Rd ,1.3147707,103.8521392
Bishan St 25 ,1.3594942,103.8450099
Ghim Moh Rd ,1.3117378,103.7874454
Defu Ln 7,1.3558893,103.8972592
Tuas View Square ,1.3003895,103.6283998
Eastwood Ter,1.3218063,103.9569024
Jln Anhherek,1.3295279,103.8818569
Woodlands Ave 1,1.4314714,103.7851183
Loyang Rise ,1.363566,103.9652551
JurongWest St 65,1.339965,103.7010383
"Duku Ln, Pl, Rd ",1.3098494,103.9068991
Choa Chu Kang Ave 1 ,1.3767075,103.7450031
Sembawang Cl ,1.4474377,103.8173942
Pipit Rd ,1.3238142,103.8861799
Flora Dr,1.3565253,103.9653785
Lorong Chuan,1.3539077,103.8644061
Kings Dr ,1.3193424,103.8065862
Lor L ,1.3119655,103.9118591
Jln Limau Manis ,1.3239882,103.9477558
Duku Rd ,1.3094759,103.9050407
"Lor 1, 6, 7 Realty Pk",1.3107296,103.8725654
Clementi West St 2,1.3036513,103.7627819
S'goon Nth ,1.3637712,103.8739389
Defu Ln 9,1.3512164,103.8935144
Kwong Ave ,1.3306439,103.8710724
East Coast Ter,1.3109327,103.9226997
Jln Kakatua ,1.3443276,103.7662525
Kismis Pl,1.3360653,103.7654162
Harlyn Rd ,1.3244305,103.8231535
West Coast Way,1.3158962,103.7557578
Siglap Ave South ,1.3165914,103.9197579
Koh Sek Lim Rd,1.3308948,103.9552077
S'goon Ave 1,1.34569,103.877541
Grace Walk,1.3583177,103.8687741
Woodlands Dr 14,1.4316858,103.7915305
"Eunos Ave 1, 4, 5, 5A, 6, 7, 8A ",1.3222525,103.8969423
Queens Rd ,1.3206693,103.8093452
Chuan Cl,1.3492258,103.8611595
Marsiling Dr ,1.4423128,103.7750904
Jln Bangsawan ,1.3214992,103.9236348
